,Open,High,Low,Close,Volume,year,month,day
4689,32.81449890136719,32.88600158691406,31.3754997253418,31.84950065612793,186290000,2016,1,4
4690,32.34299850463867,32.34550094604492,31.38249969482422,31.68950080871582,116452000,2016,1,5
4691,31.100000381469727,31.989500045776367,31.015499114990234,31.63249969482422,106584000,2016,1,6
4692,31.09000015258789,31.5,30.260499954223636,30.39699935913086,141498000,2016,1,7
4693,30.982999801635746,31.207000732421875,30.299999237060547,30.352500915527344,110258000,2016,1,8
4694,30.624000549316406,30.99250030517578,29.92849922180176,30.886999130249023,97832000,2016,1,11
4695,31.262500762939453,31.29949951171875,30.61199951171875,30.894500732421875,94482000,2016,1,12
4696,31.04400062561035,31.04400062561035,28.95800018310547,29.090499877929688,153104000,2016,1,13
4697,29.012500762939453,30.112499237060547,28.49399948120117,29.649999618530277,144760000,2016,1,14
4698,28.61199951171875,29.231000900268555,28.26499938964844,28.50900077819824,155690000,2016,1,15
4699,28.85449981689453,29.200000762939453,28.32250022888184,28.724000930786133,96144000,2016,1,19
4700,28.218000411987305,28.92250061035156,27.358999252319336,28.588499069213867,159328000,2016,1,20
4701,28.679000854492188,29.44050025939941,28.410999298095703,28.750999450683597,99044000,2016,1,21
4702,29.436500549316406,30.0049991607666,29.20549964904785,29.819000244140625,102402000,2016,1,22
4703,29.89949989318848,30.424999237060547,29.72800064086914,29.826499938964844,87922000,2016,1,25
4704,30.17250061035156,30.225000381469727,29.518999099731445,30.0625,75314000,2016,1,26
4705,30.09950065612793,30.16950035095215,28.93899917602539,29.167499542236328,103058000,2016,1,27
4706,30.418500900268555,31.902999877929688,29.877500534057617,31.76749992370605,280304000,2016,1,28
4707,28.599000930786133,29.649999618530277,28.5,29.350000381469727,293552000,2016,1,29
4708,28.90749931335449,29.09000015258789,28.515499114990234,28.74049949645996,127102000,2016,2,1
4709,28.5,28.577999114990234,27.504499435424805,27.604999542236328,126240000,2016,2,2
4710,27.674999237060547,27.799999237060547,26.09499931335449,26.55349922180176,200974000,2016,2,3
4711,26.25,26.949499130249023,25.961000442504883,26.8129997253418,123982000,2016,2,4
4712,26.464000701904297,26.47249984741211,24.95949935913086,25.10650062561035,194178000,2016,2,5
4713,24.32349967956543,24.674999237060547,23.760499954223636,24.405000686645508,196510000,2016,2,8
4714,23.90049934387207,24.91900062561035,23.700000762939453,24.103500366210938,141558000,2016,2,9
4715,24.58799934387207,25.232999801635746,24.299999237060547,24.52400016784668,135724000,2016,2,10
4716,24.558500289916992,25.46500015258789,24.200000762939453,25.19099998474121,147948000,2016,2,11
4717,25.53499984741211,25.837499618530277,25.074499130249023,25.35400009155273,107696000,2016,2,12
4718,25.974000930786133,26.22249984741211,25.58300018310547,26.05500030517578,102370000,2016,2,16
4719,26.437000274658203,26.874000549316406,25.96949958801269,26.70499992370605,96480000,2016,2,17
4720,27.059499740600582,27.059999465942383,26.186500549316406,26.25,94700000,2016,2,18
4721,26.035499572753903,26.79750061035156,25.76749992370605,26.7450008392334,99494000,2016,2,19
4722,27.11000061035156,28.03249931335449,27.054000854492188,27.975000381469727,111332000,2016,2,22
4723,27.77750015258789,27.84550094604492,27.26650047302246,27.64699935913086,81016000,2016,2,23
4724,27.287500381469727,27.713499069213867,26.65749931335449,27.70199966430664,124634000,2016,2,24
4725,27.775999069213867,27.96949958801269,27.26449966430664,27.75749969482422,90510000,2016,2,25
4726,28.006000518798828,28.125,27.65850067138672,27.761499404907227,97540000,2016,2,26
4727,27.700000762939453,28.24049949645996,27.6254997253418,27.625999450683597,82908000,2016,2,29
4728,27.81450080871582,28.962499618530277,27.799999237060547,28.95199966430664,100770000,2016,3,1
4729,29.087499618530277,29.25,28.684999465942383,29.010499954223636,91644000,2016,3,2
4730,28.89800071716309,28.99349975585937,28.655500411987305,28.874500274658203,54826000,2016,3,3
4731,29.05349922180176,29.06999969482422,28.55349922180176,28.756999969482425,68330000,2016,3,4
4732,28.677000045776367,28.68149948120117,27.77750015258789,28.13999938964844,98538000,2016,3,7
4733,27.89349937438965,28.5674991607666,27.73699951171875,28.01300048828125,94600000,2016,3,8
4734,27.97800064086914,28.01749992370605,27.506500244140625,27.973499298095703,87546000,2016,3,9
4735,28.33699989318848,28.350000381469727,27.395000457763672,27.94650077819824,78398000,2016,3,10
4736,28.34749984741211,28.50300025939941,28.136499404907227,28.480499267578125,75426000,2016,3,11
4737,28.350000381469727,28.84449958801269,28.15250015258789,28.668500900268555,69084000,2016,3,14
4738,28.549999237060547,29.076000213623047,28.350000381469727,28.85099983215332,77536000,2016,3,15
4739,28.832000732421875,29.06599998474121,28.55699920654297,28.713499069213867,70754000,2016,3,16
4740,28.475500106811523,28.56999969482422,27.7504997253418,27.972000122070312,118562000,2016,3,17
4741,28.04700088500977,28.116500854492188,27.304500579833984,27.60400009155273,145938000,2016,3,18
4742,27.445499420166016,27.761999130249023,26.929000854492188,27.698999404907227,103114000,2016,3,21
4743,27.25550079345703,28.13800048828125,27.252500534057617,28.02400016784668,80012000,2016,3,22
4744,28.049999237060547,28.624000549316406,27.905000686645508,28.48150062561035,79674000,2016,3,23
4745,28.355499267578125,29.177499771118164,28.35400009155273,29.147499084472656,103710000,2016,3,24
4746,29.21999931335449,29.237499237060547,28.777999877929688,28.99349975585937,62430000,2016,3,28
4747,29.00749969482422,29.792499542236328,28.825000762939453,29.69300079345703,87852000,2016,3,29
4748,29.83550071716309,30.16200065612793,29.75,29.934499740600582,77810000,2016,3,30
4749,29.964000701904297,30.037500381469727,29.61050033569336,29.68199920654297,53636000,2016,3,31
4750,29.52449989318848,29.951499938964844,29.415000915527344,29.924999237060547,58348000,2016,4,1
4751,29.950000762939453,29.975000381469727,29.52750015258789,29.659500122070312,49416000,2016,4,4
4752,29.53849983215332,29.67350006103516,29.262500762939453,29.30699920654297,46178000,2016,4,5
4753,29.375999450683597,30.11949920654297,29.375,30.10400009155273,56998000,2016,4,6
4754,29.9379997253418,29.979999542236328,29.45400047302246,29.57150077819824,63780000,2016,4,7
4755,29.715999603271484,29.89299964904785,29.450000762939453,29.729999542236328,51838000,2016,4,8
4756,29.80699920654297,30.200000762939453,29.745500564575195,29.796499252319336,54086000,2016,4,11
4757,29.920000076293945,30.202999114990234,29.61549949645996,30.15850067138672,52822000,2016,4,12
4758,30.38400077819824,30.840499877929688,30.26449966430664,30.74099922180176,84566000,2016,4,13
4759,30.75349998474121,31.2189998626709,30.75349998474121,31.037500381469727,70242000,2016,4,14
4760,31.09600067138672,31.338499069213867,30.905500411987305,31.29450035095215,57754000,2016,4,15
4761,31.26749992370605,31.881999969482425,31.24799919128418,31.76749992370605,87218000,2016,4,18
4762,31.85700035095215,31.90049934387207,31.040000915527344,31.395000457763672,81118000,2016,4,19
4763,31.5,31.82749938964844,31.149999618530277,31.64949989318848,52188000,2016,4,20
4764,31.549999237060547,31.891000747680664,31.424999237060547,31.549999237060547,51926000,2016,4,21
4765,31.223499298095703,31.412500381469727,30.577999114990234,31.024999618530277,101678000,2016,4,22
4766,30.83049964904785,31.349000930786133,30.8125,31.309999465942383,53658000,2016,4,25
4767,31.308500289916992,31.337499618530277,30.74399948120117,30.8439998626709,50428000,2016,4,26
4768,30.59000015258789,30.79750061035156,30.06399917602539,30.328500747680664,81376000,2016,4,27
4769,30.777000427246094,31.34000015258789,29.959999084472656,30.100000381469727,157452000,2016,4,28
4770,33.29999923706055,33.499000549316406,32.70000076293945,32.97949981689453,206214000,2016,4,29
4771,33.19599914550781,34.275001525878906,33.10150146484375,34.192501068115234,131570000,2016,5,2
4772,33.86800003051758,34.01499938964844,33.52149963378906,33.566001892089844,98468000,2016,5,3
4773,33.12950134277344,33.70000076293945,33.10699844360352,33.54499816894531,92710000,2016,5,4
4774,33.66550064086914,33.824501037597656,32.79999923706055,32.954498291015625,97682000,2016,5,5
4775,32.8025016784668,33.84749984741211,32.800498962402344,33.6974983215332,87306000,2016,5,6
4776,33.6974983215332,34.3489990234375,33.570499420166016,33.98749923706055,79644000,2016,5,9
4777,34.70000076293945,35.227500915527344,34.67499923706055,35.153499603271484,122112000,2016,5,10
4778,35.28950119018555,35.95000076293945,35.08250045776367,35.6614990234375,146764000,2016,5,11
4779,35.86899948120117,36.122501373291016,35.57550048828125,35.89649963378906,100964000,2016,5,12
4780,35.73199844360352,35.962501525878906,35.32550048828125,35.49599838256836,95268000,2016,5,13
4781,35.506500244140625,35.662498474121094,35.013999938964844,35.53300094604492,108658000,2016,5,16
4782,35.494998931884766,35.7234992980957,34.695499420166016,34.76350021362305,102428000,2016,5,17
4783,34.47800064086914,35.12699890136719,34.4379997253418,34.872501373291016,85664000,2016,5,18
4784,34.59400177001953,34.970001220703125,34.47800064086914,34.92599868774414,60512000,2016,5,19
4785,35.0525016784668,35.36199951171875,35.0,35.13999938964844,58324000,2016,5,20
4786,35.212501525878906,35.29999923706055,34.82099914550781,34.837501525878906,51902000,2016,5,23
4787,34.9005012512207,35.375,34.900001525878906,35.209999084472656,60676000,2016,5,24
4788,35.400001525878906,35.542999267578125,35.2760009765625,35.41749954223633,65354000,2016,5,25
4789,35.416500091552734,35.75,35.364498138427734,35.74549865722656,48934000,2016,5,26
4790,35.75,35.83000183105469,35.55500030517578,35.61199951171875,44984000,2016,5,27
4791,35.61650085449219,36.21149826049805,35.566001892089844,36.13949966430664,72366000,2016,5,31
4792,36.04499816894531,36.32149887084961,35.9109992980957,35.97200012207031,65262000,2016,6,1
4793,36.04850006103516,36.41400146484375,35.775001525878906,36.4119987487793,60532000,2016,6,2
4794,36.33700180053711,36.34999847412109,35.92150115966797,36.277000427246094,67346000,2016,6,3
4795,36.32500076293945,36.57500076293945,36.22100067138672,36.33649826049805,54096000,2016,6,6
4796,36.49449920654297,36.5,36.02750015258789,36.1870002746582,54650000,2016,6,7
4797,36.31999969482422,36.47100067138672,36.08000183105469,36.33200073242188,44468000,2016,6,8
4798,36.15499877929688,36.445499420166016,36.1150016784668,36.38249969482422,43406000,2016,6,9
4799,36.11750030517578,36.249000549316406,35.71049880981445,35.89550018310547,68514000,2016,6,10
4800,35.70050048828125,36.0994987487793,35.55799865722656,35.762001037597656,67044000,2016,6,13
4801,35.61650085449219,36.04050064086914,35.61349868774414,35.96500015258789,50138000,2016,6,14
4802,36.09999847412109,36.12799835205078,35.66749954223633,35.7130012512207,54188000,2016,6,15
4803,35.602500915527344,35.900001525878906,35.26499938964844,35.8754997253418,61960000,2016,6,16
4804,35.90950012207031,35.90999984741211,34.95899963378906,35.31949996948242,117956000,2016,6,17
4805,35.67499923706055,36.06549835205078,35.54050064086914,35.70050048828125,73544000,2016,6,20
4806,35.7859992980957,35.91999816894531,35.63600158691406,35.79100036621094,42750000,2016,6,21
4807,35.82899856567383,35.849998474121094,35.378501892089844,35.529998779296875,45210000,2016,6,22
4808,35.775001525878906,36.10599899291992,35.625,36.104000091552734,56500000,2016,6,23
4809,34.650001525878906,35.62649917602539,34.61000061035156,34.948001861572266,152650000,2016,6,24
4810,34.60049819946289,34.840999603271484,34.10599899291992,34.56800079345703,111360000,2016,6,27
4811,35.0,35.400001525878906,34.90850067138672,35.397499084472656,80740000,2016,6,28
4812,35.787498474121094,35.974998474121094,35.676998138427734,35.779998779296875,61402000,2016,6,29
4813,35.86000061035156,35.96849822998047,35.62699890136719,35.78099822998047,57102000,2016,6,30
4814,35.86600112915039,36.400001525878906,35.82699966430664,36.28400039672852,58408000,2016,7,1
4815,36.13999938964844,36.47800064086914,35.980499267578125,36.40499877929688,48628000,2016,7,5
4816,36.28549957275391,36.88850021362305,36.12900161743164,36.88050079345703,78764000,2016,7,6
4817,36.96649932861328,36.977500915527344,36.58150100708008,36.82849884033203,58916000,2016,7,7
4818,37.00699996948242,37.30500030517578,36.900001525878906,37.29050064086914,68584000,2016,7,8
4819,37.5,37.79499816894531,37.34999847412109,37.68899917602539,63906000,2016,7,11
4820,37.84299850463867,37.867000579833984,37.01649856567383,37.41049957275391,112474000,2016,7,12
4821,37.3380012512207,37.84349822998047,37.0625,37.13150024414063,82846000,2016,7,13
4822,37.44300079345703,37.45199966430664,36.95100021362305,37.060001373291016,47810000,2016,7,14
4823,37.32749938964844,37.32749938964844,36.70249938964844,36.77199935913086,62428000,2016,7,15
4824,36.77450180053711,37.08000183105469,36.43600082397461,36.80350112915039,59098000,2016,7,18
4825,36.625,37.166500091552734,36.615501403808594,36.997501373291016,44336000,2016,7,19
4826,37.20000076293945,37.3125,37.03499984741211,37.2859992980957,44280000,2016,7,20
4827,37.375,37.46799850463867,37.13949966430664,37.22150039672852,46342000,2016,7,21
4828,37.38949966430664,37.56399917602539,37.17649841308594,37.24300003051758,45554000,2016,7,22
4829,37.32749938964844,37.42499923706055,36.76750183105469,36.980499267578125,53586000,2016,7,25
4830,37.135501861572266,37.15650177001953,36.63750076293945,36.77949905395508,50594000,2016,7,26
4831,36.89849853515625,37.047000885009766,36.69300079345703,36.83349990844727,58262000,2016,7,27
4832,37.29899978637695,37.667999267578125,36.98500061035156,37.63050079345703,152352000,2016,7,28
4833,38.25,38.29999923706055,37.75,37.94049835205078,135542000,2016,7,29
4834,37.993499755859375,38.525001525878906,37.85300064086914,38.387001037597656,71564000,2016,8,1
4835,38.19049835205078,38.2504997253418,37.85100173950195,38.02899932861328,72066000,2016,8,2
4836,37.85300064086914,37.94449996948242,37.61249923706055,37.73199844360352,71630000,2016,8,3
4837,37.685001373291016,38.25,37.51750183105469,38.03850173950195,63564000,2016,8,4
4838,38.240501403808594,38.42350006103516,38.15449905395508,38.29899978637695,54088000,2016,8,5
4839,38.34049987792969,38.34999847412109,38.05099868774414,38.32799911499024,39726000,2016,8,8
4840,38.36949920654297,38.630001068115234,38.345001220703125,38.41550064086914,37522000,2016,8,9
4841,38.4900016784668,38.60499954223633,38.30950164794922,38.428001403808594,32086000,2016,8,10
4842,38.49700164794922,38.6875,38.45600128173828,38.5620002746582,40394000,2016,8,11
4843,38.42300033569336,38.657501220703125,38.42100143432617,38.62799835205078,31266000,2016,8,12
4844,38.595001220703125,38.60200119018555,38.385501861572266,38.42449951171875,42370000,2016,8,15
4845,38.430999755859375,38.436500549316406,38.19100189208984,38.20199966430664,32092000,2016,8,16
4846,38.22050094604492,38.26100158691406,37.959999084472656,38.23149871826172,37822000,2016,8,17
4847,38.20000076293945,38.25849914550781,38.02999877929688,38.22299957275391,29176000,2016,8,18
4848,38.095001220703125,38.1245002746582,37.84450149536133,37.865501403808594,46864000,2016,8,19
4849,37.875,37.99250030517578,37.60499954223633,37.9739990234375,33586000,2016,8,22
4850,38.16550064086914,38.23500061035156,38.04999923706055,38.122501373291016,30482000,2016,8,23
4851,38.150001525878906,38.170501708984375,37.76800155639648,37.86249923706055,34882000,2016,8,24
4852,37.79999923706055,38.02799987792969,37.73699951171875,37.96099853515625,32460000,2016,8,25
4853,38.00249862670898,38.5,37.9900016784668,38.45000076293945,55536000,2016,8,26
4854,38.43600082397461,38.749000549316406,38.43000030517578,38.56449890136719,43972000,2016,8,29
4855,38.5525016784668,38.59199905395508,38.27799987792969,38.37900161743164,34184000,2016,8,30
4856,38.33000183105469,38.48199844360352,38.20000076293945,38.45800018310547,32676000,2016,8,31
4857,38.54499816894531,38.60200119018555,38.337501525878906,38.53099822998047,35846000,2016,9,1
4858,38.70550155639648,38.79999923706055,38.584999084472656,38.62200164794922,43636000,2016,9,2
4859,38.70199966430664,39.4739990234375,38.51100158691406,39.44350051879883,74396000,2016,9,6
4860,39.47650146484375,39.53950119018555,39.21649932861328,39.2239990234375,48492000,2016,9,7
4861,39.19449996948242,39.32500076293945,39.071998596191406,39.20299911499024,40610000,2016,9,8
4862,38.96799850463867,39.04999923706055,38.00550079345703,38.00699996948242,85146000,2016,9,9
4863,37.86750030517578,38.632999420166016,37.79999923706055,38.574501037597656,62494000,2016,9,12
4864,38.4384994506836,38.49449920654297,37.95249938964844,38.05049896240234,62344000,2016,9,13
4865,38.11000061035156,38.375,37.942501068115234,38.054500579833984,50460000,2016,9,14
4866,38.09999847412109,38.54349899291992,37.87900161743164,38.484500885009766,60680000,2016,9,15
4867,38.66400146484375,39.02299880981445,38.58300018310547,38.92599868774414,109984000,2016,9,16
4868,38.99850082397461,39.09700012207031,38.54999923706055,38.755001068115234,45944000,2016,9,19
4869,38.79999923706055,39.06850051879883,38.79999923706055,39.01100158691406,38744000,2016,9,20
4870,39.16249847412109,39.53450012207031,38.95050048828125,39.48699951171875,54372000,2016,9,21
4871,39.7135009765625,40.29449844360352,39.7135009765625,40.23500061035156,81578000,2016,9,22
4872,40.15650177001953,40.38750076293945,40.10599899291992,40.28749847412109,47070000,2016,9,23
4873,40.09000015258789,40.29650115966797,39.85749816894531,39.95800018310547,53028000,2016,9,26
4874,40.09249877929688,40.83200073242188,40.05550003051758,40.80550003051758,76392000,2016,9,27
4875,40.900001525878906,41.50699996948242,40.85150146484375,41.43600082397461,88442000,2016,9,28
4876,41.41299819946289,41.875,41.23149871826172,41.45249938964844,98444000,2016,9,29
4877,41.63050079345703,41.997501373291016,41.619998931884766,41.865501403808594,88612000,2016,9,30
4878,41.79999923706055,41.99300003051758,41.5625,41.83700180053711,55388000,2016,10,3
4879,42.045501708984375,42.118499755859375,41.51300048828125,41.70149993896485,59006000,2016,10,4
4880,41.900001525878906,42.28350067138672,41.805999755859375,42.21799850463867,69382000,2016,10,5
4881,42.185001373291016,42.36050033569336,42.02999877929688,42.08300018310547,53680000,2016,10,6
4882,42.28950119018555,42.29750061035156,41.872501373291016,41.97150039672852,48524000,2016,10,7
4883,42.16249847412109,42.2599983215332,42.01350021362305,42.08549880981445,36542000,2016,10,10
4884,42.05099868774414,42.06449890136719,41.41749954223633,41.54999923706055,71764000,2016,10,11
4885,41.70000076293945,41.88349914550781,41.505001068115234,41.704498291015625,47608000,2016,10,12
4886,41.45000076293945,41.59000015258789,41.06050109863281,41.4640007019043,61828000,2016,10,13
4887,41.75400161743164,41.7869987487793,41.14799880981445,41.14799880981445,59996000,2016,10,14
4888,41.07500076293945,41.09999847412109,40.58399963378906,40.647499084472656,67230000,2016,10,17
4889,41.105499267578125,41.16299819946289,40.7509994506836,40.88249969482422,50250000,2016,10,18
4890,41.02000045776367,41.03350067138672,40.75849914550781,40.884498596191406,41814000,2016,10,19
4891,40.699501037597656,40.78549957275391,40.15499877929688,40.51599884033203,63040000,2016,10,20
4892,40.46799850463867,40.97100067138672,40.45000076293945,40.949501037597656,55860000,2016,10,21
4893,41.247501373291016,41.915000915527344,41.11050033569336,41.90449905395508,81218000,2016,10,24
4894,41.96500015258789,42.15449905395508,41.6609992980957,41.75899887084961,64968000,2016,10,25
4895,41.63800048828125,41.672000885009766,41.0,41.12950134277344,79962000,2016,10,26
4896,41.5620002746582,41.58599853515625,40.77149963378906,40.917999267578125,148128000,2016,10,27
4897,39.09999847412109,39.4744987487793,38.730499267578125,38.81600189208984,216822000,2016,10,28
4898,39.05149841308594,39.685001373291016,39.00550079345703,39.49100112915039,108266000,2016,10,31
4899,39.95000076293945,40.04199981689453,38.83549880981445,39.27050018310547,106108000,2016,11,1
4900,39.19649887084961,39.23749923706055,38.1775016784668,38.27799987792969,100530000,2016,11,2
4901,38.25249862670898,38.84999847412109,38.20000076293945,38.35150146484375,77450000,2016,11,3
4902,38.13949966430664,38.29999923706055,37.6614990234375,37.75249862670898,102442000,2016,11,4
4903,38.58200073242188,39.38650131225586,38.547000885009766,39.24649810791016,119688000,2016,11,7
4904,39.24850082397461,39.58700180053711,38.95500183105469,39.38750076293945,68252000,2016,11,8
4905,38.20000076293945,38.875,38.00450134277344,38.59400177001953,171258000,2016,11,9
4906,38.94049835205078,38.94150161743164,35.8849983215332,37.11899948120117,254940000,2016,11,10
4907,36.7864990234375,37.16299819946289,36.44499969482422,36.95050048828125,132456000,2016,11,11
4908,37.2755012512207,37.29999923706055,35.505001068115234,35.95349884033203,146426000,2016,11,14
4909,36.5,37.3390007019043,36.29949951171875,37.1619987487793,135116000,2016,11,15
4910,36.99399948120117,37.493499755859375,36.78049850463867,37.324501037597656,72976000,2016,11,16
4911,37.46599960327149,37.875,37.400001525878906,37.81999969482422,73802000,2016,11,17
4912,38.04999923706055,38.387001037597656,37.88199996948242,38.007999420166016,87468000,2016,11,18
4913,38.29999923706055,39.01750183105469,38.25550079345703,39.0,92292000,2016,11,21
4914,39.40850067138672,39.619998931884766,39.04999923706055,39.26649856567383,106226000,2016,11,22
4915,39.08649826049805,39.087501525878906,38.65599822998047,39.00600051879883,70806000,2016,11,23
4916,39.32500076293945,39.337501525878906,38.89500045776367,39.01850128173828,36742000,2016,11,25
4917,38.8494987487793,38.84999847412109,38.21200180053711,38.3385009765625,88776000,2016,11,28
4918,38.400001525878906,38.49449920654297,38.06600189208984,38.1259994506836,65446000,2016,11,29
4919,38.09999847412109,38.40449905395508,37.51250076293945,37.52849960327149,92518000,2016,11,30
4920,37.62049865722656,37.66849899291992,36.9015007019043,37.182498931884766,93320000,2016,12,1
4921,37.16999816894531,37.42449951171875,36.834999084472656,37.016998291015625,71226000,2016,12,2
4922,37.25,38.074501037597656,37.09999847412109,37.96799850463867,86294000,2016,12,5
4923,38.199501037597656,38.4119987487793,37.86249923706055,38.23600006103516,75894000,2016,12,6
4924,38.227500915527344,38.52099990844727,37.79100036621094,38.52099990844727,73698000,2016,12,7
4925,38.59349822998047,38.68949890136719,38.259498596191406,38.36650085449219,63792000,2016,12,8
4926,38.5,38.51250076293945,38.266998291015625,38.43299865722656,49418000,2016,12,9
4927,38.31999969482422,38.34450149536133,37.86000061035156,38.00600051879883,59278000,2016,12,12
4928,38.24800109863281,39.12300109863281,38.09999847412109,38.71699905395508,105706000,2016,12,13
4929,38.91249847412109,39.042999267578125,38.14049911499024,38.44100189208984,109096000,2016,12,14
4930,38.31399917602539,38.45500183105469,38.01549911499024,38.04999923706055,76038000,2016,12,15
4931,38.25,38.25650024414063,37.70000076293945,37.88850021362305,96964000,2016,12,16
4932,37.94449996948242,38.525001525878906,37.80799865722656,38.29999923706055,62264000,2016,12,19
4933,38.432498931884766,38.71950149536133,38.385501861572266,38.56100082397461,54072000,2016,12,20
4934,38.5,38.56100082397461,38.28499984741211,38.52999877929688,40892000,2016,12,21
4935,38.40599822998047,38.56050109863281,38.1510009765625,38.31700134277344,50872000,2016,12,22
4936,38.227500915527344,38.32500076293945,37.89950180053711,38.02949905395508,39632000,2016,12,23
4937,38.16999816894531,38.73249816894531,38.060001373291016,38.56999969482422,52774000,2016,12,27
4938,38.8125,39.0,38.525001525878906,38.60649871826172,66020000,2016,12,28
4939,38.619998931884766,38.66999816894531,38.04249954223633,38.25749969482422,63166000,2016,12,29
4940,38.32350158691406,38.369998931884766,37.41400146484375,37.493499755859375,82788000,2016,12,30
4941,37.89599990844727,37.9379997253418,37.3849983215332,37.68349838256836,70422000,2017,1,3
4942,37.91949844360352,37.98400115966797,37.709999084472656,37.85900115966797,50210000,2017,1,4
4943,38.07749938964844,39.119998931884766,38.01300048828125,39.022499084472656,116602000,2017,1,5
4944,39.11800003051758,39.97200012207031,38.92399978637695,39.79949951171875,119724000,2017,1,6
4945,39.900001525878906,40.0885009765625,39.5885009765625,39.84600067138672,68922000,2017,1,9
4946,39.83000183105469,39.900001525878906,39.47700119018555,39.79499816894531,51168000,2017,1,10
4947,39.68299865722656,39.97499847412109,39.47549819946289,39.95100021362305,59856000,2017,1,11
4948,40.01549911499024,40.70650100708008,39.97499847412109,40.68199920654297,97478000,2017,1,12
4949,40.71599960327149,41.08250045776367,40.56999969482422,40.85699844360352,75838000,2017,1,13
4950,40.78499984741211,40.79999923706055,40.172000885009766,40.48600006103516,73410000,2017,1,17
4951,40.47499847412109,40.58649826049805,40.2135009765625,40.374000549316406,47084000,2017,1,18
4952,40.5,40.67549896240234,40.36600112915039,40.45199966430664,50816000,2017,1,19
4953,40.76399993896485,40.80099868774414,40.3129997253418,40.416500091552734,67524000,2017,1,20
4954,40.34000015258789,40.92499923706055,40.25400161743164,40.89400100708008,55950000,2017,1,23
4955,41.09999847412109,41.199501037597656,40.72499847412109,41.12200164794922,59434000,2017,1,24
4956,41.28950119018555,41.87099838256836,41.26449966430664,41.82600021362305,78452000,2017,1,25
4957,41.7765007019043,42.19200134277344,41.650001525878906,41.95750045776367,71726000,2017,1,26
4958,41.95000076293945,41.98500061035156,41.47200012207031,41.78850173950195,59974000,2017,1,27
4959,41.650001525878906,41.67499923706055,40.81900024414063,41.51900100708008,74946000,2017,1,30
4960,41.1875,41.3494987487793,40.97800064086914,41.17399978637695,62744000,2017,1,31
4961,41.46049880981445,41.68899917602539,41.24700164794922,41.61750030517578,77004000,2017,2,1
4962,41.829498291015625,42.1245002746582,41.41299819946289,41.997501373291016,147010000,2017,2,2
4963,40.33599853515625,40.915000915527344,40.20000076293945,40.5099983215332,217376000,2017,2,3
4964,40.4900016784668,40.5359992980957,40.150001525878906,40.38199996948242,77946000,2017,2,6
4965,40.46549987792969,40.80799865722656,40.375,40.625,69322000,2017,2,7
4966,40.634498596191406,41.07400131225586,40.625,40.98550033569336,57160000,2017,2,8
4967,41.08000183105469,41.25,40.98550033569336,41.06800079345703,49698000,2017,2,9
4968,41.19100189208984,41.400001525878906,41.14250183105469,41.37300109863281,48592000,2017,2,10
4969,41.58100128173828,42.150001525878906,41.4275016784668,41.82649993896485,83452000,2017,2,13
4970,41.84999847412109,41.91550064086914,41.5724983215332,41.81949996948242,55848000,2017,2,14
4971,41.70000076293945,42.14049911499024,41.64099884033203,42.1349983215332,59378000,2017,2,15
4972,42.09199905395508,42.25,41.96900177001953,42.20700073242188,54294000,2017,2,16
4973,42.09999847412109,42.36349868774414,42.0364990234375,42.25350189208984,62246000,2017,2,17
4974,42.44200134277344,42.89899826049805,42.36249923706055,42.821998596191406,70154000,2017,2,21
4975,42.84749984741211,42.92150115966797,42.60900115966797,42.78049850463867,52340000,2017,2,22
4976,42.87850189208984,43.042999267578125,42.400001525878906,42.609500885009766,69240000,2017,2,23
4977,42.234500885009766,42.29050064086914,41.88750076293945,42.262001037597656,73760000,2017,2,24
4978,42.11899948120117,42.625,41.98350143432617,42.43199920654297,54272000,2017,2,27
4979,42.5724983215332,42.704498291015625,42.102500915527344,42.25199890136719,55874000,2017,2,28
4980,42.65250015258789,42.74150085449219,42.45050048828125,42.65399932861328,55202000,2017,3,1
4981,42.65399932861328,42.74100112915039,42.36399841308594,42.445499420166016,42642000,2017,3,2
4982,42.36000061035156,42.5994987487793,42.3134994506836,42.49399948120117,38822000,2017,3,3
4983,42.26150131225586,42.42449951171875,42.055999755859375,42.33050155639648,52208000,2017,3,6
4984,42.27399826049805,42.42300033569336,42.1875,42.30099868774414,44952000,2017,3,7
4985,42.400001525878906,42.65349960327149,42.339500427246094,42.525001525878906,45730000,2017,3,8
4986,42.54999923706055,42.81999969482422,42.51549911499024,42.650001525878906,40964000,2017,3,9
4987,42.84999847412109,42.86750030517578,42.58599853515625,42.62300109863281,48728000,2017,3,10
4988,42.5885009765625,42.78450012207031,42.58549880981445,42.72949981689453,38194000,2017,3,13
4989,42.6775016784668,42.6875,42.37749862670898,42.62649917602539,42612000,2017,3,14
4990,42.71649932861328,42.72249984741211,42.355499267578125,42.64849853515625,51244000,2017,3,15
4991,42.76499938964844,42.775001525878906,42.5255012512207,42.67100143432617,36846000,2017,3,16
4992,42.67449951171875,42.69150161743164,42.53200149536133,42.615501403808594,67688000,2017,3,17
4993,42.57550048828125,42.88999938964844,42.55049896240234,42.8484992980957,45654000,2017,3,20
4994,42.94200134277344,43.13999938964844,42.06549835205078,42.15999984741211,87658000,2017,3,21
4995,42.02149963378906,42.46849822998047,41.95249938964844,42.40299987792969,53174000,2017,3,22
4996,42.40999984741211,42.54449844360352,42.2400016784668,42.36899948120117,39060000,2017,3,23
4997,42.58399963378906,42.59000015258789,42.17649841308594,42.28049850463867,42766000,2017,3,24
4998,41.90349960327149,42.51499938964844,41.67499923706055,42.34099960327149,55116000,2017,3,27
4999,42.587501525878906,42.92300033569336,42.505001068115234,42.79999923706055,60832000,2017,3,28
5000,42.95249938964844,43.821998596191406,42.95100021362305,43.71599960327149,89716000,2017,3,29
5001,43.747501373291016,43.85300064086914,43.58300018310547,43.81700134277344,55254000,2017,3,30
5002,43.84999847412109,44.51750183105469,43.83250045776367,44.32699966430664,79152000,2017,3,31
5003,44.400001525878906,44.67449951171875,44.27099990844727,44.57550048828125,68446000,2017,4,3
5004,44.57500076293945,45.42699813842773,44.51399993896485,45.34149932861328,99694000,2017,4,4
5005,45.54100036621094,46.18600082397461,45.28099822998047,45.4640007019043,150168000,2017,4,5
5006,45.68999862670898,45.859500885009766,44.7244987487793,44.91400146484375,126882000,2017,4,6
5007,44.98249816894531,45.00450134277344,44.46549987792969,44.74399948120117,74218000,2017,4,7
5008,44.98149871826172,45.42549896240234,44.95000076293945,45.35200119018555,63686000,2017,4,10
5009,45.35200119018555,45.5620002746582,44.875,45.11800003051758,60254000,2017,4,11
5010,45.15449905395508,45.204498291015625,44.76250076293945,44.811500549316406,49122000,2017,4,12
5011,44.5724983215332,44.74850082397461,44.2244987487793,44.23350143432617,63492000,2017,4,13
5012,44.375,45.11899948120117,44.375,45.0994987487793,57094000,2017,4,17
5013,45.04949951171875,45.480499267578125,45.03900146484375,45.18899917602539,59984000,2017,4,18
5014,45.391998291015625,45.525001525878906,44.868499755859375,44.959999084472656,57404000,2017,4,19
5015,44.98500061035156,45.26599884033203,44.81449890136719,45.10300064086914,56288000,2017,4,20
5016,45.13349914550781,45.182498931884766,44.8385009765625,44.92649841308594,48410000,2017,4,21
5017,45.43399810791016,45.4995002746582,45.19100189208984,45.37049865722656,62458000,2017,4,24
5018,45.35200119018555,45.4739990234375,45.150001525878906,45.38100051879883,67612000,2017,4,25
5019,45.51499938964844,45.78749847412109,45.37799835205078,45.464500427246094,52178000,2017,4,26
5020,45.71950149536133,46.09299850463867,45.605499267578125,45.91899871826172,106110000,2017,4,27
5021,47.44150161743164,47.47949981689453,46.21649932861328,46.2495002746582,147294000,2017,4,28
5022,46.38999938964844,47.720001220703125,46.38999938964844,47.4114990234375,109330000,2017,5,1
5023,47.33250045776367,47.505001068115234,47.070499420166016,47.34700012207031,76976000,2017,5,2
5024,47.29999923706055,47.29999923706055,46.79499816894531,47.05149841308594,71654000,2017,5,3
5025,47.23749923706055,47.25,46.71099853515625,46.87649917602539,48368000,2017,5,4
5026,47.0260009765625,47.03950119018555,46.51499938964844,46.70750045776367,57328000,2017,5,5
5027,47.04750061035156,47.45249938964844,46.96049880981445,47.45199966430664,68314000,2017,5,8
5028,47.63999938964844,47.89450073242188,47.5099983215332,47.64099884033203,65242000,2017,5,9
5029,47.67499923706055,47.6875,47.25,47.4474983215332,41930000,2017,5,10
5030,47.25550079345703,47.51449966430664,47.03900146484375,47.38100051879883,43882000,2017,5,11
5031,47.72499847412109,48.13949966430664,47.57649993896485,48.067501068115234,72518000,2017,5,12
5032,47.936500549316406,48.157501220703125,47.803001403808594,47.89849853515625,85412000,2017,5,15
5033,48.04999923706055,48.50299835205078,48.045501708984375,48.30350112915039,62522000,2017,5,16
5034,47.73500061035156,48.02000045776367,47.20600128173828,47.23799896240234,102912000,2017,5,17
5035,47.2400016784668,48.13750076293945,47.23799896240234,47.92449951171875,78786000,2017,5,18
5036,48.141998291015625,48.44599914550781,47.98600006103516,47.992000579833984,79442000,2017,5,19
5037,48.20000076293945,48.56900024414063,48.14500045776367,48.53350067138672,52844000,2017,5,22
5038,48.7509994506836,48.7599983215332,48.34249877929688,48.57699966430664,48312000,2017,5,23
5039,48.79999923706055,49.04999923706055,48.51150131225586,49.01750183105469,48920000,2017,5,24
5040,49.24250030517578,49.95000076293945,49.105499267578125,49.66899871826172,96440000,2017,5,25
5041,49.75,49.932498931884766,49.462501525878906,49.78900146484375,69384000,2017,5,26
5042,49.82550048828125,50.060001373291016,49.7760009765625,49.834999084472656,65262000,2017,5,30
5043,50.0,50.00600051879883,49.108001708984375,49.73099899291992,78262000,2017,5,31
5044,49.929500579833984,49.949501037597656,49.56850051879883,49.79750061035156,49096000,2017,6,1
5045,49.949501037597656,50.42399978637695,49.78350067138672,50.33649826049805,75046000,2017,6,2
5046,50.36149978637695,50.66049957275391,50.17549896240234,50.56700134277344,54398000,2017,6,5
5047,50.59999847412109,50.82500076293945,50.0625,50.150001525878906,66928000,2017,6,6
5048,50.29750061035156,50.51250076293945,50.09999847412109,50.50350189208984,56460000,2017,6,7
5049,50.60300064086914,50.68050003051758,50.30550003051758,50.51350021362305,55358000,2017,6,8
5050,50.625,50.64950180053711,46.34999847412109,48.91550064086914,152954000,2017,6,9
5051,48.34999847412109,48.79750061035156,47.25,48.24549865722656,188944000,2017,6,12
5052,48.89950180053711,49.22499847412109,48.30500030517578,49.03950119018555,91600000,2017,6,13
5053,49.429500579833984,49.516998291015625,48.33549880981445,48.82350158691406,79498000,2017,6,14
5054,47.935001373291016,48.2864990234375,47.542999267578125,48.20849990844727,107478000,2017,6,15
5055,49.79999923706055,49.98749923706055,49.09999847412109,49.385501861572266,229454000,2017,6,16
5056,50.84999847412109,50.84999847412109,49.494998931884766,49.75849914550781,100868000,2017,6,19
5057,49.900001525878906,50.24399948120117,49.60100173950195,49.62950134277344,81536000,2017,6,20
5058,49.935001373291016,50.13600158691406,49.63249969482422,50.11149978637695,58450000,2017,6,21
5059,50.11149978637695,50.34799957275391,49.86000061035156,50.06499862670898,45068000,2017,6,22
5060,50.12699890136719,50.23099899291992,49.9010009765625,50.1870002746582,57582000,2017,6,23
5061,50.42499923706055,50.4900016784668,49.59999847412109,49.69900131225586,67724000,2017,6,26
5062,49.53450012207031,49.93999862670898,48.79999923706055,48.8390007019043,75648000,2017,6,27
5063,48.9275016784668,49.53400039672852,48.46049880981445,49.51649856567383,74752000,2017,6,28
5064,48.95000076293945,49.37799835205078,48.26250076293945,48.79650115966797,86060000,2017,6,29
5065,49.00600051879883,49.17350006103516,48.38050079345703,48.400001525878906,67806000,2017,6,30
5066,48.63949966430664,48.7244987487793,47.54999923706055,47.68299865722656,58182000,2017,7,3
5067,48.07649993896485,48.75,47.76250076293945,48.56999969482422,73060000,2017,7,5
5068,48.233001708984375,48.720001220703125,47.95100021362305,48.25699996948242,65192000,2017,7,6
5069,48.477500915527344,49.00550079345703,48.45700073242188,48.9379997253418,52868000,2017,7,7
5070,49.25,49.97200012207031,49.17499923706055,49.82350158691406,70926000,2017,7,10
5071,49.650001525878906,49.79949951171875,49.18600082397461,49.70650100708008,59654000,2017,7,11
5072,50.032501220703125,50.4275016784668,49.90499877929688,50.32550048828125,72172000,2017,7,12
5073,50.23099899291992,50.34400177001953,49.79499816894531,50.03150177001953,57616000,2017,7,13
5074,50.119998931884766,50.22249984741211,49.84450149536133,50.09049987792969,42050000,2017,7,14
5075,50.234500885009766,50.73749923706055,50.19049835205078,50.50199890136719,74252000,2017,7,17
5076,50.29999923706055,51.30149841308594,50.20000076293945,51.22249984741211,80152000,2017,7,18
5077,51.25,51.579498291015625,51.125,51.34349822998047,59280000,2017,7,19
5078,51.579498291015625,51.74850082397461,51.1259994506836,51.435001373291016,61950000,2017,7,20
5079,51.06399917602539,51.30500030517578,50.54999923706055,51.28350067138672,54692000,2017,7,21
5080,51.41699981689453,52.1505012512207,51.37149810791016,51.9474983215332,65760000,2017,7,24
5081,51.90250015258789,52.166500091552734,51.624000549316406,51.993499755859375,48952000,2017,7,25
5082,52.15999984741211,52.65999984741211,52.15999984741211,52.63999938964844,58426000,2017,7,26
5083,53.477500915527344,54.16550064086914,52.00899887084961,52.29999923706055,219834000,2017,7,27
5084,50.60699844360352,51.64250183105469,50.04999923706055,51.00199890136719,154188000,2017,7,28
5085,50.95249938964844,50.95249938964844,49.35100173950195,49.38899993896485,147042000,2017,7,31
5086,49.80550003051758,50.31999969482422,49.57899856567383,49.80950164794922,91452000,2017,8,1
5087,50.0885009765625,50.16049957275391,49.08649826049805,49.79449844360352,81400000,2017,8,2
5088,49.9734992980957,49.97499847412109,49.22949981689453,49.34600067138672,65116000,2017,8,3
5089,49.48400115966797,49.58349990844727,49.09999847412109,49.37900161743164,54606000,2017,8,4
5090,49.532501220703125,49.75,49.35699844360352,49.61349868774414,53532000,2017,8,7
5091,49.71749877929688,49.81399917602539,49.28950119018555,49.492000579833984,58056000,2017,8,8
5092,49.130001068115234,49.400001525878906,48.76350021362305,49.10049819946289,71394000,2017,8,9
5093,48.81499862670898,48.99300003051758,47.73400115966797,47.84600067138672,113682000,2017,8,10
5094,48.0,48.51950073242188,47.56900024414063,48.39950180053711,69360000,2017,8,11
5095,48.920501708984375,49.275001525878906,48.80950164794922,49.165000915527344,63458000,2017,8,14
5096,49.44499969482422,49.58700180053711,49.09999847412109,49.137001037597656,50986000,2017,8,15
5097,49.08250045776367,49.323001861572266,48.6609992980957,48.90900039672852,62642000,2017,8,16
5098,48.891998291015625,48.891998291015625,48.01599884033203,48.02849960327149,70248000,2017,8,17
5099,48.06999969482422,48.27149963378906,47.73249816894531,47.92350006103516,65696000,2017,8,18
5100,47.87850189208984,48.060001373291016,47.27299880981445,47.66450119018555,63290000,2017,8,21
5101,47.7760009765625,48.39649963378906,47.775001525878906,48.345001220703125,55000000,2017,8,22
5102,47.96900177001953,48.09999847412109,47.709999084472656,47.900001525878906,53366000,2017,8,23
5103,47.87099838256836,47.95000076293945,47.05699920654297,47.622501373291016,103914000,2017,8,24
5104,47.79999923706055,47.88100051879883,47.20500183105469,47.26300048828125,66496000,2017,8,25
5105,47.32699966430664,47.650001525878906,47.11249923706055,47.30099868774414,51934000,2017,8,28
5106,47.0,47.79999923706055,46.81650161743164,47.70299911499024,57486000,2017,8,29
5107,47.922000885009766,48.47050094604492,47.84550094604492,48.37950134277344,58092000,2017,8,30
5108,48.73500061035156,49.04999923706055,48.63800048828125,49.02999877929688,66630000,2017,8,31
5109,49.209999084472656,49.22499847412109,48.84400177001953,48.91249847412109,50718000,2017,9,1
5110,48.77000045776367,48.8385009765625,48.01850128173828,48.26350021362305,57664000,2017,9,5
5111,48.41600036621094,48.59199905395508,48.02999877929688,48.38999938964844,42598000,2017,9,6
5112,48.70000076293945,49.02949905395508,48.62749862670898,48.9734992980957,51336000,2017,9,7
5113,48.95500183105469,48.99399948120117,48.17350006103516,48.29499816894531,52106000,2017,9,8
5114,48.72299957275391,49.09700012207031,48.71099853515625,48.89799880981445,43734000,2017,9,11
5115,49.16350173950195,49.23350143432617,48.7760009765625,49.12900161743164,49622000,2017,9,12
5116,49.19850158691406,50.0,48.97100067138672,49.97999954223633,67494000,2017,9,13
5117,49.84000015258789,49.928001403808594,49.387001037597656,49.61050033569336,78266000,2017,9,14
5118,49.6505012512207,49.8125,49.20149993896485,49.339500427246094,75204000,2017,9,15
5119,49.52000045776367,49.63949966430664,48.40850067138672,48.70949935913086,68226000,2017,9,18
5120,48.86249923706055,48.9119987487793,48.37300109863281,48.49300003051758,53422000,2017,9,19
5121,48.589500427246094,48.740501403808594,48.108001708984375,48.66049957275391,57776000,2017,9,20
5122,48.56549835205078,48.584999084472656,48.10100173950195,48.23249816894531,46752000,2017,9,21
5123,48.05049896240234,48.28049850463867,47.72100067138672,47.755001068115234,52836000,2017,9,22
5124,47.46549987792969,47.47100067138672,46.64450073242188,46.98949813842773,102480000,2017,9,25
5125,47.27450180053711,47.43149948120117,46.587501525878906,46.93000030517578,71296000,2017,9,26
5126,47.400001525878906,47.76499938964844,47.165000915527344,47.54349899291992,62978000,2017,9,27
5127,47.59299850463867,47.98500061035156,47.505001068115234,47.81999969482422,50452000,2017,9,28
5128,48.00550079345703,48.24150085449219,47.91899871826172,48.067501068115234,50876000,2017,9,29
5129,48.20000076293945,48.365501403808594,47.60599899291992,47.95949935913086,48858000,2017,10,2
5130,47.900001525878906,48.18450164794922,47.51850128173828,47.85499954223633,53332000,2017,10,3
5131,47.71049880981445,48.38949966430664,47.70249938964844,48.272499084472656,50548000,2017,10,4
5132,48.5,49.07550048828125,48.48199844360352,49.04249954223633,64584000,2017,10,5
5133,48.78200149536133,49.78749847412109,48.78200149536133,49.479000091552734,75642000,2017,10,6
5134,49.6619987487793,49.92499923706055,49.375,49.54949951171875,58772000,2017,10,9
5135,49.83349990844727,49.897499084472656,49.005001068115234,49.36000061035156,61698000,2017,10,10
5136,49.5634994506836,49.775001525878906,49.334999084472656,49.75,46742000,2017,10,11
5137,49.84049987792969,50.422000885009766,49.619998931884766,50.04650115966797,81346000,2017,10,12
5138,50.34999847412109,50.38850021362305,50.05149841308594,50.14699935913086,48630000,2017,10,13
5139,50.422000885009766,50.47850036621094,50.05199813842773,50.31700134277344,40178000,2017,10,16
5140,50.27949905395508,50.57350158691406,50.21900177001953,50.45650100708008,46394000,2017,10,17
5141,50.4635009765625,51.115501403808594,49.82749938964844,49.84999847412109,49994000,2017,10,18
5142,49.5,49.5525016784668,49.012001037597656,49.33050155639648,62164000,2017,10,19
5143,49.67649841308594,49.73099899291992,49.09999847412109,49.14550018310547,47302000,2017,10,20
5144,49.33649826049805,49.3390007019043,48.125,48.31499862670898,69882000,2017,10,23
5145,48.45000076293945,48.99250030517578,48.25,48.79499816894531,54478000,2017,10,24
5146,48.900001525878906,49.22200012207031,48.3120002746582,48.64550018310547,60662000,2017,10,25
5147,49.01649856567383,49.14500045776367,48.4275016784668,48.62149810791016,112374000,2017,10,26
5148,52.90700149536133,55.27899932861328,52.52750015258789,55.04750061035156,331300000,2017,10,27
5149,54.7504997253418,56.13949966430664,54.678001403808594,55.54249954223633,132262000,2017,10,30
5150,55.45000076293945,55.527000427246094,55.055999755859375,55.26399993896485,69540000,2017,10,31
5151,55.27000045776367,55.44850158691406,54.83700180053711,55.18399810791016,75110000,2017,11,1
5152,54.89049911499024,55.09700012207031,54.34349822998047,54.71099853515625,73698000,2017,11,2
5153,54.557498931884766,55.63399887084961,54.42599868774414,55.58000183105469,75030000,2017,11,3
5154,55.45750045776367,56.27050018310547,55.4384994506836,56.03300094604492,67622000,2017,11,6
5155,56.23699951171875,56.52999877929688,55.875,56.15850067138672,53780000,2017,11,7
5156,56.14099884033203,56.777000427246094,55.95550155639648,56.64400100708008,51630000,2017,11,8
5157,56.29800033569336,56.48099899291992,55.78850173950195,56.45650100708008,74654000,2017,11,9
5158,56.30500030517578,56.587501525878906,56.20299911499024,56.26750183105469,43598000,2017,11,10
5159,56.150001525878906,56.994998931884766,56.117000579833984,56.45849990844727,58368000,2017,11,13
5160,56.50550079345703,56.900001525878906,56.19449996948242,56.84199905395508,62768000,2017,11,14
5161,56.35049819946289,56.587501525878906,56.08150100708008,56.33449935913086,78574000,2017,11,15
5162,56.507999420166016,56.90800094604492,56.50249862670898,56.86449813842773,44266000,2017,11,16
5163,56.91400146484375,56.93999862670898,56.29050064086914,56.49399948120117,48268000,2017,11,17
5164,56.48849868774414,56.67100143432617,56.12749862670898,56.31549835205078,43278000,2017,11,20
5165,56.64300155639648,57.0,56.40999984741211,56.9744987487793,49588000,2017,11,21
5166,57.04999923706055,58.01350021362305,57.04999923706055,57.80799865722656,71106000,2017,11,22
5167,58.03499984741211,59.34199905395508,58.03499984741211,59.29999923706055,70560000,2017,11,24
5168,60.132999420166016,60.670501708984375,59.557498931884766,59.791500091552734,134880000,2017,11,27
5169,60.24399948120117,60.266998291015625,59.42599868774414,59.68000030517578,91188000,2017,11,28
5170,59.7400016784668,59.7400016784668,57.259498596191406,58.0634994506836,185150000,2017,11,29
5171,58.35499954223633,58.92850112915039,58.0,58.837501525878906,90184000,2017,11,30
5172,58.602500915527344,58.98249816894531,57.59999847412109,58.11750030517578,82142000,2017,12,1
5173,58.692501068115234,58.7599983215332,56.400001525878906,56.6974983215332,118638000,2017,12,4
5174,56.41299819946289,57.9635009765625,56.23699951171875,57.07849884033203,81596000,2017,12,5
5175,56.89950180053711,57.79449844360352,56.80400085449219,57.61750030517578,57066000,2017,12,6
5176,57.829498291015625,58.15950012207031,57.54999923706055,57.98949813842773,50232000,2017,12,7
5177,58.52000045776367,58.63949966430664,57.85499954223633,58.09999847412109,61002000,2017,12,8
5178,58.22999954223633,58.494998931884766,57.84999847412109,58.44599914550781,47270000,2017,12,11
5179,58.32550048828125,58.68000030517578,58.08050155639648,58.25400161743164,44718000,2017,12,12
5180,58.5,58.54349899291992,58.01350021362305,58.20650100708008,52336000,2017,12,13
5181,58.18550109863281,58.89649963378906,58.122501373291016,58.7130012512207,64286000,2017,12,14
5182,58.95149993896485,59.13750076293945,58.46649932861328,58.95700073242188,95572000,2017,12,15
5183,59.368499755859375,59.73899841308594,59.045501708984375,59.52899932861328,58952000,2017,12,18
5184,59.45750045776367,59.64849853515625,58.95700073242188,59.36899948120117,51756000,2017,12,19
5185,59.525001525878906,59.54999923706055,58.79999923706055,58.88100051879883,47424000,2017,12,20
5186,58.79499816894531,58.95849990844727,58.38199996948242,58.73799896240234,42462000,2017,12,21
5187,58.604000091552734,58.73099899291992,58.39149856567383,58.417999267578125,31702000,2017,12,22
5188,58.417999267578125,58.91600036621094,58.02750015258789,58.8380012512207,40104000,2017,12,26
5189,58.99549865722656,59.36449813842773,58.78049850463867,59.11299896240234,37344000,2017,12,27
5190,59.45000076293945,59.505001068115234,59.21900177001953,59.30500030517578,36834000,2017,12,28
5191,59.11750030517578,59.20000076293945,58.375,58.4734992980957,53768000,2017,12,29
5192,58.59999847412109,59.5,58.5255012512207,59.45050048828125,53890000,2018,1,2
5193,59.415000915527344,60.27450180053711,59.415000915527344,60.209999084472656,62176000,2018,1,3
5194,60.25,60.79349899291992,60.233001708984375,60.47949981689453,60442000,2018,1,4
5195,60.8754997253418,61.45700073242188,60.5,61.45700073242188,70894000,2018,1,5
5196,61.79999923706055,62.65399932861328,61.60150146484375,62.34349822998047,85590000,2018,1,8
5197,62.845001220703125,62.96649932861328,62.0880012512207,62.6349983215332,73226000,2018,1,9
5198,62.25749969482422,62.71649932861328,61.86149978637695,62.71649932861328,53720000,2018,1,10
5199,62.98699951171875,63.8385009765625,62.823001861572266,63.83399963378906,62500000,2018,1,11
5200,63.66949844360352,65.28800201416016,63.66949844360352,65.26000213623047,108874000,2018,1,12
5201,66.1500015258789,66.99700164794922,64.61499786376953,65.24299621582031,144414000,2018,1,16
5202,65.61199951171875,65.69999694824219,64.04399871826172,64.75,105076000,2018,1,17
5203,64.69750213623047,65.2300033569336,64.20099639892578,64.66600036621094,80538000,2018,1,18
5204,65.5999984741211,65.6500015258789,64.64949798583984,64.72899627685547,91570000,2018,1,19
5205,64.8584976196289,66.37249755859375,64.83300018310547,66.3655014038086,82802000,2018,1,22
5206,66.90450286865234,68.24500274658203,66.86699676513672,68.12699890136719,103386000,2018,1,23
5207,68.74099731445312,69.40799713134766,66.9000015258789,67.87550354003906,136150000,2018,1,24
5208,68.4000015258789,68.91699981689453,67.88099670410156,68.89749908447266,95060000,2018,1,25
5209,69.60050201416016,70.12650299072266,69.04550170898438,70.10250091552734,97146000,2018,1,26
5210,70.45899963378906,71.56950378417969,70.02200317382812,70.88400268554688,114038000,2018,1,29
5211,70.15850067138672,71.9625015258789,69.5999984741211,71.89099884033203,117438000,2018,1,30
5212,72.56500244140625,73.62899780273438,72.50199890136719,72.54450225830078,128494000,2018,1,31
5213,72.25,72.99400329589844,69.25700378417969,69.5,182276000,2018,2,1
5214,73.86949920654297,74.9000015258789,70.69999694824219,71.49749755859375,222514000,2018,2,2
5215,70.13099670410156,72.9489974975586,66.03600311279297,69.5,229900000,2018,2,5
5216,68.072998046875,72.19950103759766,67.5895004272461,72.14199829101562,221336000,2018,2,6
5217,72.44999694824219,73.04949951171875,70.75749969482422,70.83899688720703,143254000,2018,2,7
5218,71.48400115966797,71.6875,67.49700164794922,67.5250015258789,171572000,2018,2,8
5219,68.67449951171875,69.17500305175781,63.29650115966797,66.9800033569336,282830000,2018,2,9
5220,68.2334976196289,69.69049835205078,67.20050048828125,69.3115005493164,134778000,2018,2,12
5221,69.29650115966797,70.98600006103516,69.17649841308594,70.72550201416016,118358000,2018,2,13
5222,70.3125,72.60299682617188,70.16799926757812,72.55249786376953,119184000,2018,2,14
5223,73.34449768066406,73.4469985961914,71.84200286865234,73.08799743652344,113054000,2018,2,15
5224,72.86849975585938,73.29000091552734,72.3280029296875,72.43450164794922,89452000,2018,2,16
5225,72.32450103759766,74.4384994506836,72.32450103759766,73.4175033569336,129984000,2018,2,20
5226,74.25,75.17449951171875,73.94599914550781,74.14600372314453,126088000,2018,2,21
5227,74.76799774169922,75.12699890136719,73.78800201416016,74.26699829101562,97162000,2018,2,22
5228,74.76699829101562,75.0,74.32499694824219,75.0,88362000,2018,2,23
5229,75.45999908447266,76.14199829101562,75.3499984741211,76.09750366210938,99100000,2018,2,26
5230,76.2249984741211,76.33899688720703,75.3604965209961,75.5989990234375,96176000,2018,2,27
5231,75.97550201416016,76.43499755859375,75.5999984741211,75.62249755859375,90300000,2018,2,28
5232,75.68000030517578,75.92449951171875,73.25,74.67250061035156,136704000,2018,3,1
5233,73.45500183105469,75.05249786376953,72.75050354003906,75.01249694824219,131752000,2018,3,2
5234,74.71199798583984,76.26899719238281,74.05000305175781,76.18049621582031,104678000,2018,3,5
5235,76.66000366210938,77.10649871826172,76.4000015258789,76.88200378417969,91234000,2018,3,6
5236,76.32599639892578,77.29499816894531,76.12550354003906,77.25,83482000,2018,3,7
5237,77.5,77.74400329589844,77.26249694824219,77.59300231933594,77252000,2018,3,8
5238,78.17500305175781,78.9469985961914,77.9540023803711,78.94450378417969,90686000,2018,3,9
5239,79.62999725341797,80.2665023803711,79.33499908447266,79.91950225830078,103484000,2018,3,12
5240,80.7979965209961,80.87699890136719,78.90049743652344,79.40899658203125,130638000,2018,3,13
5241,79.8499984741211,80.3219985961914,79.54450225830078,79.55000305175781,85188000,2018,3,14
5242,79.75,79.84549713134766,78.90550231933594,79.11599731445312,81394000,2018,3,15
5243,79.17250061035156,79.47200012207031,78.375,78.58399963378906,108500000,2018,3,16
5244,77.72650146484375,78.08300018310547,76.26750183105469,77.24649810791016,131616000,2018,3,19
5245,77.51699829101562,79.3499984741211,77.27050018310547,79.32550048828125,91632000,2018,3,20
5246,79.32250213623047,79.5,78.15850067138672,79.09300231933594,95016000,2018,3,21
5247,78.27349853515625,78.69249725341797,77.12000274658203,77.24600219726562,126412000,2018,3,22
5248,76.95050048828125,77.45099639892578,74.76799774169922,74.77799987792969,160120000,2018,3,23
5249,76.5,77.84950256347656,74.9625015258789,77.79299926757812,112494000,2018,3,26
5250,78.62000274658203,78.79850006103516,74.11599731445312,74.85250091552734,139992000,2018,3,27
5251,72.3499984741211,72.79499816894531,69.30850219726562,71.57099914550781,274106000,2018,3,28
5252,70.30000305175781,72.77349853515625,68.26000213623047,72.36699676513672,251622000,2018,3,29
5253,70.88099670410156,71.06800079345703,67.75,68.59950256347656,209272000,2018,4,2
5254,69.56900024414062,70.69999694824219,67.7665023803711,69.60250091552734,204624000,2018,4,3
5255,67.91200256347656,70.76950073242188,67.64399719238281,70.52850341796875,139646000,2018,4,4
5256,72.09950256347656,72.97799682617188,71.35350036621094,72.5875015258789,128270000,2018,4,5
5257,71.49849700927734,72.625,70.01300048828125,70.2614974975586,117646000,2018,4,6
5258,71.25150299072266,71.92400360107422,70.12850189208984,70.30400085449219,84164000,2018,4,9
5259,71.59950256347656,71.91899871826172,70.78500366210938,71.81099700927734,85082000,2018,4,10
5260,71.97200012207031,72.43900299072266,71.24449920654297,71.35250091552734,71650000,2018,4,11
5261,71.9749984741211,72.60600280761719,71.75299835205078,72.42500305175781,62700000,2018,4,12
5262,72.45700073242188,72.98899841308594,71.22599792480469,71.53949737548828,73706000,2018,4,13
5263,72.25,72.3499984741211,71.3740005493164,72.07499694824219,56172000,2018,4,16
5264,73.11499786376953,75.3594970703125,72.85099792480469,75.19149780273438,102288000,2018,4,17
5265,75.73249816894531,76.69000244140625,75.20549774169922,76.39199829101562,104550000,2018,4,18
5266,77.16100311279297,78.4260025024414,76.9530029296875,77.84549713134766,130474000,2018,4,19
5267,78.05999755859375,78.05999755859375,75.80449676513672,76.37449645996094,110832000,2018,4,20
5268,77.33450317382812,77.4000015258789,75.17050170898438,75.89299774169922,89308000,2018,4,23
5269,76.79000091552734,76.9749984741211,72.42250061035156,73.00450134277344,149894000,2018,4,24
5270,72.9000015258789,73.49949645996094,70.7509994506836,73.00849914550781,131746000,2018,4,25
5271,74.25050354003906,76.47100067138672,73.92500305175781,75.89800262451172,176022000,2018,4,26
5272,81.70050048828125,81.90499877929688,78.36949920654297,78.63099670410156,261064000,2018,4,27
5273,79.125,79.80000305175781,78.0469970703125,78.30650329589844,109282000,2018,4,30
5274,78.16100311279297,79.25,77.60900115966797,79.11299896240234,91442000,2018,5,1
5275,79.04900360107422,79.42500305175781,78.31800079345703,78.48400115966797,87206000,2018,5,2
5276,78.00050354003906,78.73999786376953,77.3010025024414,78.60399627685547,85038000,2018,5,3
5277,78.12249755859375,79.24500274658203,78.1094970703125,79.04750061035156,68872000,2018,5,4
5278,79.46700286865234,80.34750366210938,79.3915023803711,80.00700378417969,76038000,2018,5,7
5279,79.75,79.84400177001953,79.12550354003906,79.61949920654297,61358000,2018,5,8
5280,80.0,80.4000015258789,79.5999984741211,80.4000015258789,72746000,2018,5,9
5281,80.42400360107422,80.77999877929688,80.1719970703125,80.4540023803711,56350000,2018,5,10
5282,80.54949951171875,80.55500030517578,79.89450073242188,80.14550018310547,45278000,2018,5,11
5283,80.19999694824219,80.55899810791016,80.00250244140625,80.0770034790039,50190000,2018,5,14
5284,79.38999938964844,79.38999938964844,78.26100158691406,78.80599975585938,101550000,2018,5,15
5285,78.875,79.72149658203125,78.83350372314453,79.36399841308594,51412000,2018,5,16
5286,79.02799987792969,79.7020034790039,78.6500015258789,79.08799743652344,42952000,2018,5,17
5287,79.06649780273438,79.17949676513672,78.6050033569336,78.71849822998047,52852000,2018,5,18
5288,79.25,79.60250091552734,78.75,79.27300262451172,58504000,2018,5,21
5289,79.49449920654297,79.49449920654297,78.76249694824219,79.06999969482422,42312000,2018,5,22
5290,78.55249786376953,80.09300231933594,78.31700134277344,80.09300231933594,67238000,2018,5,23
5291,79.90149688720703,80.41200256347656,79.41899871826172,80.15350341796875,68600000,2018,5,24
5292,80.1500015258789,80.70600128173828,80.02249908447266,80.50749969482422,53968000,2018,5,25
5293,80.0354995727539,81.0895004272461,80.00749969482422,80.64350128173828,76930000,2018,5,29
5294,80.90499877929688,81.30000305175781,80.64649963378906,81.24449920654297,58148000,2018,5,30
5295,81.1500015258789,81.75,81.06749725341797,81.48100280761719,63326000,2018,5,31
5296,81.85150146484375,82.33650207519531,81.75450134277344,82.0770034790039,66268000,2018,6,1
5297,82.44499969482422,83.28399658203125,82.27449798583984,83.26349639892578,63754000,2018,6,4
5298,83.64949798583984,84.94999694824219,83.50299835205078,84.81749725341797,95644000,2018,6,5
5299,85.22550201416016,85.7249984741211,84.32350158691406,84.7874984741211,109464000,2018,6,6
5300,84.9280014038086,84.99500274658203,83.80549621582031,84.46499633789062,75314000,2018,6,7
5301,84.05599975585938,84.47200012207031,83.65049743652344,84.19950103759766,59102000,2018,6,8
5302,84.07550048828125,84.71199798583984,84.02950286865234,84.45600128173828,46710000,2018,6,11
5303,84.6500015258789,84.97550201416016,84.57599639892578,84.9375,45184000,2018,6,12
5304,85.1405029296875,85.6875,85.00599670410156,85.24299621582031,66550000,2018,6,13
5305,85.67400360107422,86.23999786376953,85.44349670410156,86.19300079345703,63488000,2018,6,14
5306,85.69999694824219,86.04350280761719,85.4260025024414,85.79850006103516,95552000,2018,6,15
5307,85.31300354003906,86.33699798583984,85.12799835205078,86.18949890136719,62154000,2018,6,18
5308,85.4520034790039,86.80549621582031,85.01950073242188,86.73899841308594,85802000,2018,6,19
5309,87.125,88.14649963378906,87.06800079345703,87.50399780273438,86652000,2018,6,20
5310,88.0,88.15499877929688,85.87799835205078,86.51100158691406,98822000,2018,6,21
5311,87.13099670410156,87.1500015258789,85.59500122070312,85.78350067138672,81502000,2018,6,22
5312,85.12550354003906,85.25,82.31549835205078,83.15750122070312,150224000,2018,6,25
5313,83.61849975585938,85.07849884033203,83.16699981689453,84.55449676513672,87732000,2018,6,26
5314,85.40550231933594,85.59750366210938,83.0,83.02549743652344,97444000,2018,6,27
5315,83.62699890136719,85.2750015258789,83.05850219726562,85.07250213623047,90594000,2018,6,28
5316,85.8499984741211,86.17050170898438,84.71600341796875,84.98999786376953,90870000,2018,6,29
5317,84.13500213623047,85.69450378417969,83.90299987792969,85.68900299072266,63714000,2018,7,2
5318,86.197998046875,86.25,84.6240005493164,84.697998046875,43546000,2018,7,3
5319,85.26899719238281,85.53450012207031,84.10749816894531,84.98650360107422,59662000,2018,7,5
5320,84.80000305175781,85.76349639892578,84.58350372314453,85.53150177001953,53006000,2018,7,6
5321,86.20249938964844,86.97799682617188,85.8115005493164,86.95099639892578,60240000,2018,7,9
5322,86.92649841308594,87.5,86.55000305175781,87.15350341796875,60058000,2018,7,10
5323,86.89949798583984,87.8479995727539,86.69999694824219,87.75,64196000,2018,7,11
5324,88.22550201416016,89.9000015258789,88.10900115966797,89.83100128173828,90654000,2018,7,12
5325,90.19650268554688,90.76499938964844,89.7614974975586,90.65149688720705,87664000,2018,7,13
5326,91.09750366210938,92.09750366210938,90.72250366210938,91.12449645996094,109324000,2018,7,16
5327,90.5780029296875,92.58450317382812,89.86900329589844,92.19650268554688,113658000,2018,7,17
5328,92.4000015258789,92.94400024414062,91.5634994506836,92.14600372314452,97238000,2018,7,18
5329,91.4729995727539,92.0500030517578,90.5634994506836,90.64849853515624,93538000,2018,7,19
5330,91.25050354003906,91.74199676513672,90.50299835205078,90.68499755859376,77688000,2018,7,20
5331,90.6104965209961,90.9499969482422,88.49949645996094,90.0999984741211,77770000,2018,7,23
5332,91.45050048828124,92.0,90.46900177001952,91.46199798583984,85574000,2018,7,24
5333,91.46499633789062,93.19200134277344,91.13200378417967,93.18049621582033,74764000,2018,7,25
5334,91.9499969482422,92.23400115966795,90.2249984741211,90.4000015258789,198488000,2018,7,26
5335,93.80249786376952,94.00250244140624,90.32649993896484,90.8635025024414,193620000,2018,7,27
5336,91.3665008544922,91.4749984741211,88.3010025024414,88.96099853515625,131246000,2018,7,30
5337,89.32450103759766,90.09149932861328,86.96600341796875,88.87200164794922,114774000,2018,7,31
5338,89.19999694824219,89.9219970703125,88.8010025024414,89.8584976196289,83062000,2018,8,1
5339,89.4384994506836,91.8280029296875,89.30000305175781,91.71649932861328,87094000,2018,8,2
5340,91.88700103759766,92.0500030517578,91.0749969482422,91.16449737548828,69210000,2018,8,3
5341,91.29049682617188,92.38849639892578,90.9459991455078,92.3874969482422,67836000,2018,8,6
5342,92.72650146484376,93.48600006103516,92.3134994506836,93.1240005493164,67550000,2018,8,7
5343,93.0500030517578,94.57550048828124,92.7249984741211,94.32599639892578,79260000,2018,8,8
5344,94.0999984741211,95.72850036621094,93.8740005493164,94.9260025024414,97208000,2018,8,9
5345,94.42549896240234,94.9749984741211,93.9104995727539,94.31500244140624,72798000,2018,8,10
5346,94.9250030517578,96.25,94.68350219726562,94.80999755859376,110630000,2018,8,13
5347,95.96949768066406,96.05049896240234,95.0,95.98249816894533,79722000,2018,8,14
5348,95.47750091552734,95.8105010986328,93.489501953125,94.13099670410156,154014000,2018,8,15
5349,95.1969985961914,95.25,94.17749786376952,94.32599639892578,79142000,2018,8,16
5350,94.29000091552734,94.4000015258789,92.77749633789062,94.11100006103516,82086000,2018,8,17
5351,94.52850341796876,94.5875015258789,93.3030014038086,93.83550262451172,57240000,2018,8,20
5352,94.0,94.8874969482422,93.72049713134766,94.1709976196289,62112000,2018,8,21
5353,93.83200073242188,95.29000091552734,93.83200073242188,95.24500274658205,61610000,2018,8,22
5354,95.3584976196289,95.9749984741211,95.03800201416016,95.1449966430664,71260000,2018,8,23
5355,95.52549743652344,95.80049896240234,95.1269989013672,95.26950073242188,56018000,2018,8,24
5356,95.75,96.38500213623048,95.46399688720705,96.38400268554688,71380000,2018,8,27
5357,96.8864974975586,97.08899688720705,96.44100189208984,96.64099884033205,62014000,2018,8,28
5358,97.67250061035156,99.93450164794922,97.4469985961914,99.90499877929688,130636000,2018,8,29
5359,99.87100219726562,101.27850341796876,99.34500122070312,100.11900329589844,145546000,2018,8,30
5360,100.3499984741211,101.11900329589844,100.23699951171876,100.635498046875,84088000,2018,8,31
5361,101.3249969482422,102.5250015258789,100.6500015258789,101.97550201416016,114422000,2018,9,4
5362,101.90550231933594,102.0189971923828,99.49449920654295,99.74099731445312,164412000,2018,9,5
5363,100.32550048828124,100.375,96.760498046875,97.91549682617188,149774000,2018,9,6
5364,96.9355010986328,98.76000213623048,96.86750030517578,97.60350036621094,97852000,2018,9,7
5365,98.5500030517578,98.6520004272461,96.57599639892578,96.95050048828124,90896000,2018,9,10
5366,96.41349792480467,99.44400024414062,95.8499984741211,99.35749816894533,100672000,2018,9,11
5367,99.6999969482422,100.0,98.12200164794922,99.5,88280000,2018,9,12
5368,100.0,100.43800354003906,99.10150146484376,99.49349975585938,72430000,2018,9,13
5369,99.64649963378906,99.68250274658205,97.96099853515624,98.5094985961914,72840000,2018,9,14
5370,97.73650360107422,97.84100341796876,94.37049865722656,95.40149688720705,141004000,2018,9,17
5371,95.93250274658205,97.91000366210938,95.77200317382812,97.05249786376952,85374000,2018,9,18
5372,97.0250015258789,97.04149627685548,95.24500274658205,96.3209991455078,81136000,2018,9,19
5373,96.9290008544922,97.75,96.6125030517578,97.21499633789062,63098000,2018,9,20
5374,97.71099853515624,97.8655014038086,95.5250015258789,95.75050354003906,137118000,2018,9,21
5375,95.1894989013672,96.84400177001952,93.25,96.71800231933594,84274000,2018,9,24
5376,97.1449966430664,98.79550170898438,96.94249725341795,98.72750091552734,90768000,2018,9,25
5377,98.4250030517578,99.7624969482422,98.07599639892578,98.74250030517578,86270000,2018,9,26
5378,99.66200256347656,100.80799865722656,99.4290008544922,100.64900207519533,86588000,2018,9,27
5379,100.22049713134766,101.32599639892578,99.822998046875,100.1500015258789,81702000,2018,9,28
5380,101.09950256347656,101.65950012207033,100.18000030517578,100.21800231933594,69210000,2018,10,1
5381,99.99949645996094,100.66950225830078,98.28849792480467,98.56549835205078,108014000,2018,10,2
5382,99.08499908447266,99.48500061035156,97.4905014038086,97.63800048828124,105062000,2018,10,3
5383,97.4499969482422,97.8000030517578,94.82849884033205,95.47100067138672,145140000,2018,10,4
5384,95.89949798583984,96.4540023803711,93.1415023803711,94.48249816894533,136446000,2018,10,5
5385,93.6999969482422,95.0999984741211,91.53299713134766,93.22100067138672,147864000,2018,10,8
5386,92.99949645996094,94.83399963378906,92.61599731445312,93.51599884033205,95458000,2018,10,9
5387,92.89450073242188,92.9280014038086,87.72049713134766,87.76249694824219,219778000,2018,10,10
5388,86.19999694824219,87.7699966430664,84.25499725341797,85.96800231933594,278718000,2018,10,11
5389,90.4000015258789,90.44750213623048,87.12650299072266,89.43049621582031,188892000,2018,10,12
5390,89.75,89.75250244140625,86.71150207519531,88.04750061035156,128744000,2018,10,15
5391,89.17500305175781,91.19400024414062,88.07749938964844,90.9980010986328,117198000,2018,10,16
5392,92.1395034790039,92.25,90.3499984741211,91.58650207519533,105904000,2018,10,17
5393,91.07450103759766,91.50749969482422,88.39350128173828,88.53600311279297,117480000,2018,10,18
5394,89.25800323486328,90.45500183105467,87.6500015258789,88.20149993896484,118144000,2018,10,19
5395,89.19999694824219,90.4749984741211,87.80000305175781,89.46499633789062,90000000,2018,10,22
5396,87.11199951171875,88.81700134277344,85.69999694824219,88.43499755859375,134478000,2018,10,23
5397,88.68499755859375,88.885498046875,82.8280029296875,83.20999908447266,138568000,2018,10,24
5398,85.16699981689453,89.7405014038086,84.60050201416016,89.1084976196289,205714000,2018,10,25
5399,82.47949981689453,84.9229965209961,80.1500015258789,82.1405029296875,299276000,2018,10,26
5400,83.0,83.28700256347656,74.75,76.94400024414062,277322000,2018,10,29
5401,74.30799865722656,77.04949951171875,73.81800079345703,76.52100372314453,249202000,2018,10,30
5402,78.49949645996094,81.19550323486328,78.25450134277344,79.90049743652344,187804000,2018,10,31
5403,81.17649841308594,83.52249908447266,79.9219970703125,83.27649688720703,162710000,2018,11,1
5404,83.92949676513672,84.87200164794922,82.59149932861328,83.27649688720703,139110000,2018,11,2
5405,82.87850189208984,82.90450286865234,79.81800079345703,81.38999938964844,112494000,2018,11,5
5406,80.9175033569336,83.25,80.72750091552734,82.1405029296875,85148000,2018,11,6
5407,83.6500015258789,87.96150207519531,83.2040023803711,87.77449798583984,163844000,2018,11,7
5408,87.75,89.19999694824219,86.25550079345703,87.74549865722656,130698000,2018,11,8
5409,86.625,87.19599914550781,85.09349822998047,85.62149810791016,118044000,2018,11,9
5410,84.91200256347656,85.42749786376953,81.50050354003906,81.84249877929688,136124000,2018,11,12
5411,82.4645004272461,83.85299682617188,80.6875,81.55850219726562,118666000,2018,11,13
5412,82.81600189208984,83.6500015258789,79.85350036621094,79.95050048828125,129738000,2018,11,14
5413,79.05049896240234,81.24099731445312,77.32550048828125,80.97200012207031,168546000,2018,11,15
5414,79.375,80.7239990234375,78.65599822998047,79.67050170898438,121322000,2018,11,16
5415,78.85050201416016,79.05950164794922,75.16799926757812,75.614501953125,155800000,2018,11,19
5416,71.875,76.73750305175781,71.0,74.77300262451172,217576000,2018,11,20
5417,77.14949798583984,77.5,75.75,75.83650207519531,114336000,2018,11,21
5418,75.8499984741211,76.80999755859375,75.09049987792969,75.10299682617188,54152000,2018,11,23
5419,76.94999694824219,79.2405014038086,76.21099853515625,79.06649780273438,125154000,2018,11,26
5420,78.79949951171875,79.88249969482422,77.90049743652344,79.07099914550781,115664000,2018,11,27
5421,80.69599914550781,84.07250213623047,80.06099700927734,83.88749694824219,169174000,2018,11,28
5422,83.74949645996094,84.49949645996094,82.61650085449219,83.67849731445312,132264000,2018,11,29
5423,83.9749984741211,84.80000305175781,83.32499694824219,84.50849914550781,115236000,2018,11,30
5424,88.4729995727539,88.91699981689453,86.5,88.61799621582031,137246000,2018,12,3
5425,87.80000305175781,88.51699829101562,83.25,83.41999816894531,173890000,2018,12,4
5426,80.74349975585938,85.05249786376953,80.49250030517578,84.95950317382812,175788000,2018,12,6
5427,85.25350189208984,85.94650268554688,81.27300262451172,81.45649719238281,151522000,2018,12,7
5428,81.19200134277344,82.89949798583984,79.54350280761719,82.05149841308594,149896000,2018,12,10
5429,83.9000015258789,83.97350311279297,80.9800033569336,82.16200256347656,124894000,2018,12,11
5430,83.44999694824219,85.24949645996094,83.01349639892578,83.177001953125,131960000,2018,12,12
5431,84.0,84.60600280761719,82.07499694824219,82.91899871826172,105426000,2018,12,13
5432,81.9000015258789,82.12850189208984,79.25,79.59549713134766,127344000,2018,12,14
5433,78.30000305175781,78.80650329589844,75.25050354003906,76.04550170898438,176596000,2018,12,17
5434,77.0,78.37750244140625,76.15049743652344,77.5739974975586,130460000,2018,12,18
5435,77.15249633789062,79.22650146484375,74.15899658203125,74.75399780273438,175844000,2018,12,19
5436,74.19999694824219,75.4749984741211,71.6344985961914,73.04149627685547,199836000,2018,12,20
5437,73.24949645996094,74.0,68.197998046875,68.87249755859375,272806000,2018,12,21
5438,67.30000305175781,69.80149841308594,65.3499984741211,67.197998046875,144400000,2018,12,24
5439,68.44450378417969,73.65799713134766,68.15049743652344,73.54499816894531,208236000,2018,12,26
5440,72.70999908447266,73.44999694824219,69.5155029296875,73.08200073242188,194440000,2018,12,27
5441,73.6675033569336,75.67350006103516,72.44999694824219,73.9010009765625,176580000,2018,12,28
5442,75.54000091552734,76.03800201416016,74.3499984741211,75.09850311279297,139090000,2018,12,31
5443,73.26000213623047,77.66799926757812,73.04650115966797,76.95649719238281,159662000,2019,1,2
5444,76.00050354003906,76.9000015258789,74.85549926757812,75.01399993896484,139512000,2019,1,3
5445,76.5,79.69999694824219,75.91549682617188,78.76950073242188,183652000,2019,1,4
5446,80.1155014038086,81.72799682617188,79.45950317382812,81.47550201416016,159864000,2019,1,7
5447,83.2344970703125,83.83049774169922,80.83049774169922,82.8290023803711,177628000,2019,1,8
5448,82.64900207519531,83.38999938964844,82.06999969482422,82.97100067138672,126976000,2019,1,9
5449,82.05049896240234,83.1624984741211,81.08100128173828,82.81099700927734,130154000,2019,1,10
5450,82.02749633789062,83.0145034790039,81.81099700927734,82.02799987792969,93724000,2019,1,11
5451,80.75,82.41000366210938,79.75749969482422,80.8604965209961,120118000,2019,1,14
5452,81.5999984741211,83.75800323486328,81.30049896240234,83.72799682617188,119970000,2019,1,15
5453,84.21099853515625,85.25,83.79399871826172,84.18900299072266,127338000,2019,1,16
5454,84.0,85.00849914550781,83.875,84.66100311279297,84178000,2019,1,17
5455,85.5999984741211,85.80999755859375,84.5770034790039,84.80999755859375,120410000,2019,1,18
5456,84.05000305175781,84.09349822998047,80.51000213623047,81.6084976196289,128336000,2019,1,22
5457,82.80000305175781,82.87149810791016,80.5999984741211,82.0009994506836,104504000,2019,1,23
5458,82.05349731445312,82.86299896240234,81.58899688720703,82.74649810791016,81798000,2019,1,24
5459,83.5250015258789,84.17400360107422,83.08049774169922,83.52850341796875,98918000,2019,1,25
5460,82.17949676513672,82.25,80.70449829101562,81.89450073242188,96754000,2019,1,28
5461,81.5634994506836,81.61900329589844,79.53600311279297,79.69400024414062,92656000,2019,1,29
5462,81.1500015258789,83.84750366210938,80.98400115966797,83.52149963378906,115676000,2019,1,30
5463,84.64250183105469,86.82050323486328,83.9540023803711,85.9365005493164,218206000,2019,1,31
5464,81.94400024414062,83.65299987792969,81.10050201416016,81.3115005493164,230124000,2019,2,1
5465,81.1500015258789,82.48149871826172,80.67500305175781,81.66549682617188,98582000,2019,2,4
5466,82.16699981689453,83.26300048828125,82.125,82.94049835205078,89062000,2019,2,5
5467,83.5374984741211,83.61299896240234,81.66699981689453,82.01300048828125,78798000,2019,2,6
5468,81.25,81.2770004272461,79.64550018310547,80.71849822998047,92532000,2019,2,7
5469,79.30000305175781,79.42949676513672,78.33799743652344,79.41100311279297,113150000,2019,2,8
5470,80.04900360107422,80.4645004272461,79.30000305175781,79.55000305175781,66346000,2019,2,11
5471,80.19999694824219,81.97000122070312,79.94400024414062,81.90049743652344,97172000,2019,2,12
5472,82.3499984741211,82.81900024414062,81.85549926757812,82.0,71206000,2019,2,13
5473,81.2249984741211,81.8949966430664,80.3030014038086,81.13249969482422,82410000,2019,2,14
5474,81.39299774169922,81.44550323486328,80.2249984741211,80.39749908447266,86878000,2019,2,15
5475,80.05000305175781,81.69999694824219,80.02799987792969,81.37899780273438,73634000,2019,2,19
5476,81.5,81.74649810791016,80.50599670410156,81.1050033569336,66752000,2019,2,20
5477,80.99250030517578,81.1780014038086,80.04550170898438,80.97200012207031,69668000,2019,2,21
5478,81.17500305175781,81.74700164794922,81.05850219726562,81.5780029296875,61924000,2019,2,22
5479,82.07250213623047,82.7300033569336,81.51950073242188,81.6500015258789,63690000,2019,2,25
5480,81.29900360107422,81.99949645996094,80.80650329589844,81.81999969482422,53316000,2019,2,26
5481,81.40899658203125,82.09049987792969,80.75499725341797,82.05449676513672,62976000,2019,2,27
5482,81.76249694824219,82.5885009765625,81.69149780273438,81.99150085449219,60518000,2019,2,28
5483,82.75650024414062,83.71299743652344,82.55000305175781,83.58650207519531,99498000,2019,3,1
5484,84.25,85.47149658203125,83.71800231933594,84.80850219726562,123348000,2019,3,4
5485,85.14749908447266,85.38999938964844,84.45050048828125,84.62149810791016,73630000,2019,3,5
5486,84.79850006103516,84.88749694824219,83.41400146484375,83.44750213623047,79920000,2019,3,6
5487,83.36849975585938,83.48750305175781,81.02549743652344,81.29750061035156,99140000,2019,3,7
5488,80.20050048828125,81.13600158691406,79.32849884033203,81.04000091552734,93340000,2019,3,8
5489,81.30599975585938,83.614501953125,81.30049896240234,83.53099822998047,77528000,2019,3,11
5490,83.44999694824219,84.2135009765625,83.04900360107422,83.65499877929688,72290000,2019,3,12
5491,84.1500015258789,85.0,83.96749877929688,84.54049682617188,71040000,2019,3,13
5492,84.55999755859375,85.0999984741211,84.21700286865234,84.31099700927734,58932000,2019,3,14
5493,85.1500015258789,85.94000244140625,84.65650177001953,85.61799621582031,151018000,2019,3,15
5494,85.63500213623047,87.5,85.63150024414062,87.10749816894531,108582000,2019,3,18
5495,87.67549896240234,89.20800018310547,87.67549896240234,88.09249877929688,127284000,2019,3,19
5496,88.49700164794922,89.9749984741211,88.35150146484375,89.8635025024414,125312000,2019,3,20
5497,89.81300354003906,91.1875,89.36399841308594,90.96299743652344,115356000,2019,3,21
5498,90.5084991455078,90.9489974975586,88.15550231933594,88.2385025024414,127260000,2019,3,22
5499,87.8895034790039,89.13400268554688,87.375,88.71299743652344,102076000,2019,3,25
5500,89.6500015258789,90.28849792480467,88.66799926757812,89.18800354003906,97318000,2019,3,26
5501,89.20649719238281,89.375,87.28399658203125,88.28500366210938,86496000,2019,3,27
5502,88.5,88.89649963378906,87.67350006103516,88.6709976196289,60860000,2019,3,28
5503,89.3290023803711,89.64299774169922,88.83149719238281,89.0374984741211,66416000,2019,3,29
5504,90.00550079345703,90.78350067138672,89.9365005493164,90.70950317382812,84776000,2019,4,1
5505,90.5510025024414,91.0,90.25599670410156,90.6989974975586,68962000,2019,4,2
5506,91.33599853515624,91.5,90.4810028076172,91.03500366210938,78522000,2019,4,3
5507,91.03250122070312,91.4375,90.20999908447266,90.94300079345705,72478000,2019,4,4
5508,91.4499969482422,91.9290008544922,91.2594985961914,91.86399841308594,72810000,2019,4,5
5509,91.6614990234375,92.51000213623048,91.25550079345705,92.49299621582033,75056000,2019,4,8
5510,92.27449798583984,92.65450286865234,91.58899688720705,91.79199981689452,74288000,2019,4,9
5511,92.0500030517578,92.4000015258789,91.44049835205078,92.3665008544922,59280000,2019,4,10
5512,92.43499755859376,92.49749755859376,92.0155029296875,92.20349884033205,53096000,2019,4,11
5513,92.41999816894533,92.5749969482422,92.06500244140624,92.15299987792967,62288000,2019,4,12
5514,92.0999984741211,92.34249877929688,90.94499969482422,92.24349975585938,74488000,2019,4,15
5515,92.56749725341795,93.4885025024414,92.4000015258789,93.1520004272461,60892000,2019,4,16
5516,93.64949798583984,93.82350158691406,93.02200317382812,93.24099731445312,57870000,2019,4,17
5517,93.4394989013672,93.54100036621094,92.9739990234375,93.08450317382812,54998000,2019,4,18
5518,92.7699966430664,94.4209976196289,92.28199768066406,94.3655014038086,67476000,2019,4,22
5519,94.55999755859376,96.46299743652344,94.47899627685548,96.1884994506836,92808000,2019,4,23
5520,96.25,96.4844970703125,94.90799713134766,95.0875015258789,73516000,2019,4,24
5521,95.8499984741211,96.12249755859376,95.0155029296875,95.1125030517578,121982000,2019,4,25
5522,96.4499969482422,97.5500030517578,94.9000015258789,97.53150177001952,168652000,2019,4,26
5523,97.4499969482422,97.81700134277344,96.70449829101562,96.92150115966795,80426000,2019,4,29
5524,96.50499725341795,96.7854995727539,95.34750366210938,96.32599639892578,70120000,2019,4,30
5525,96.65450286865234,97.18199920654295,95.52749633789062,95.57599639892578,62340000,2019,5,1
5526,95.66649627685548,96.07749938964844,94.09349822998048,95.04100036621094,79258000,2019,5,2
5527,97.4499969482422,98.22000122070312,96.8000030517578,98.1230010986328,127632000,2019,5,3
5528,95.89900207519533,97.9499969482422,95.5250015258789,97.52749633789062,108356000,2019,5,6
5529,96.99949645996094,97.45500183105467,95.16899871826172,96.0500030517578,118042000,2019,5,7
5530,95.94349670410156,96.76850128173828,95.5,95.88849639892578,81572000,2019,5,8
5531,95.0,95.47000122070312,93.8000030517578,94.99349975585938,106166000,2019,5,9
5532,94.9000015258789,95.1894989013672,92.8000030517578,94.4990005493164,114360000,2019,5,10
5533,91.8280029296875,92.3270034790039,90.9000015258789,91.13400268554688,115668000,2019,5,13
5534,91.9749984741211,92.62200164794922,90.7874984741211,92.00599670410156,92582000,2019,5,14
5535,91.39749908447266,93.72149658203124,91.1500015258789,93.55750274658205,93852000,2019,5,15
5536,94.2969970703125,95.87550354003906,94.114501953125,95.37850189208984,94156000,2019,5,16
5537,94.65249633789062,95.52649688720705,93.3665008544922,93.4499969482422,94732000,2019,5,17
5538,92.6344985961914,93.38899993896484,91.7770004272461,92.94850158691406,75964000,2019,5,20
5539,93.739501953125,93.9499969482422,92.3000030517578,92.8759994506836,80102000,2019,5,21
5540,92.58899688720705,93.57450103759766,92.5500030517578,92.98400115966795,58732000,2019,5,22
5541,91.82949829101562,92.1999969482422,90.20999908447266,90.77400207519533,88486000,2019,5,23
5542,91.79450225830078,92.08799743652344,90.89250183105467,91.16400146484376,67394000,2019,5,24
5543,91.6374969482422,92.4635009765625,91.36750030517578,91.82150268554688,64000000,2019,5,28
5544,91.15599822998048,91.5,90.37650299072266,90.95950317382812,85580000,2019,5,29
5545,91.27449798583984,91.47350311279295,90.3915023803711,90.81600189208984,62938000,2019,5,30
5546,89.50050354003906,89.77950286865234,88.63500213623047,88.75350189208984,92376000,2019,5,31
5547,88.00050354003906,88.31449890136719,83.5999984741211,84.6344985961914,181974000,2019,6,3
5548,84.96199798583984,86.54100036621094,84.04450225830078,86.47799682617188,113582000,2019,6,4
5549,87.4800033569336,87.5999984741211,85.76249694824219,86.92500305175781,84796000,2019,6,5
5550,86.885498046875,88.0,86.30650329589844,87.71800231933594,73786000,2019,6,6
5551,88.18499755859375,90.3125,87.97450256347656,90.20149993896484,96164000,2019,6,7
5552,91.0999984741211,94.24349975585938,90.9000015258789,93.03150177001952,107420000,2019,6,10
5553,94.1624984741211,94.68499755859376,92.9000015258789,93.18499755859376,80854000,2019,6,11
5554,92.6989974975586,93.25,92.21900177001952,92.76599884033205,53566000,2019,6,12
5555,93.33599853515624,94.15450286865234,93.11100006103516,93.51499938964844,55916000,2019,6,13
5556,93.1999969482422,93.8000030517578,92.9499969482422,93.4834976196289,57024000,2019,6,14
5557,93.8249969482422,94.78450012207033,93.77249908447266,94.30149841308594,52686000,2019,6,17
5558,95.06749725341795,96.08350372314452,94.989501953125,95.06849670410156,77914000,2019,6,18
5559,95.39199829101562,95.97899627685548,94.62349700927734,95.4394989013672,57906000,2019,6,19
5560,96.66649627685548,96.76000213623048,95.29000091552734,95.90950012207033,64344000,2019,6,20
5561,95.80500030517578,96.29750061035156,95.37899780273438,95.56500244140624,78672000,2019,6,21
5562,95.63300323486328,95.84300231933594,95.06500244140624,95.69499969482422,45660000,2019,6,24
5563,95.59200286865234,95.81950378417967,93.62100219726562,93.91349792480467,60246000,2019,6,25
5564,94.6240005493164,95.19000244140624,94.36599731445312,94.8915023803711,48838000,2019,6,26
5565,95.0999984741211,95.56199645996094,94.9020004272461,95.21399688720705,42834000,2019,6,27
5566,95.45500183105467,95.64700317382812,94.1999969482422,94.68150329589844,60748000,2019,6,28
5567,96.14900207519533,96.49099731445312,95.73300170898438,96.1094970703125,63842000,2019,7,1
5568,95.96900177001952,96.739501953125,95.3314971923828,96.71549987792967,52918000,2019,7,2
5569,96.79450225830078,97.07949829101562,96.5250015258789,96.9499969482422,33806000,2019,7,3
5570,96.43000030517578,97.29499816894533,96.26499938964844,97.14550018310548,52568000,2019,7,5
5571,96.70600128173828,97.8000030517578,96.4124984741211,97.61599731445312,57668000,2019,7,8
5572,97.38999938964844,99.50050354003906,97.17400360107422,99.41500091552734,86914000,2019,7,9
5573,99.82550048828124,101.24700164794922,99.7699966430664,100.87049865722656,98638000,2019,7,10
5574,101.28099822998048,101.79000091552734,99.76499938964844,100.05349731445312,86356000,2019,7,11
5575,100.41349792480467,100.8499984741211,100.19349670410156,100.5500030517578,50186000,2019,7,12
5576,101.06999969482422,101.1449966430664,100.07749938964844,101.04949951171876,59626000,2019,7,15
5577,100.52899932861328,101.31600189208984,100.06099700927734,100.49500274658205,52364000,2019,7,16
5578,100.35250091552734,100.5999984741211,99.60150146484376,99.60150146484376,51176000,2019,7,17
5579,99.00050354003906,99.375,97.57749938964844,98.8949966430664,69738000,2019,7,18
5580,99.5605010986328,99.8000030517578,98.11150360107422,98.22599792480467,63712000,2019,7,19
5581,98.55699920654295,99.4499969482422,97.91300201416016,99.28150177001952,58000000,2019,7,22
5582,99.79949951171876,99.8895034790039,98.65650177001952,99.72450256347656,54070000,2019,7,23
5583,98.46499633789062,100.06500244140624,98.2935028076172,100.04049682617188,52626000,2019,7,24
5584,100.0500030517578,100.05999755859376,98.63600158691406,98.69100189208984,82730000,2019,7,25
5585,97.0999984741211,97.54499816894533,96.22550201416016,97.15249633789062,98542000,2019,7,26
5586,96.5,96.61150360107422,94.5270004272461,95.62249755859376,89864000,2019,7,29
5587,94.55599975585938,95.49449920654295,94.17400360107422,94.92649841308594,58218000,2019,7,30
5588,94.90550231933594,94.97750091552734,92.47200012207033,93.33899688720705,89414000,2019,7,31
5589,93.58599853515624,94.89600372314452,92.20050048828124,92.76599884033205,94266000,2019,8,1
5590,92.25350189208984,92.31800079345705,90.4010009765625,91.16200256347656,99124000,2019,8,2
5591,88.51100158691406,89.43350219726562,87.43900299072266,88.25650024414062,121164000,2019,8,5
5592,89.61150360107422,89.6884994506836,87.66999816894531,89.3915023803711,101406000,2019,8,6
5593,88.69950103759766,89.94650268554688,87.8499984741211,89.66999816894531,90538000,2019,8,7
5594,90.3000030517578,91.71299743652344,89.90550231933594,91.64450073242188,74024000,2019,8,8
5595,91.44750213623048,91.55449676513672,90.11100006103516,90.37899780273438,57596000,2019,8,9
5596,89.79949951171875,90.04900360107422,88.8499984741211,89.24600219726562,58110000,2019,8,12
5597,89.1500015258789,91.58699798583984,89.0,91.21700286865234,79880000,2019,8,13
5598,89.65049743652344,89.78250122070312,87.86100006103516,88.14800262451172,97872000,2019,8,14
5599,89.09950256347656,89.4000015258789,88.0979995727539,88.80599975585938,75182000,2019,8,15
5600,89.64450073242188,90.14550018310548,89.22750091552734,89.62850189208984,60360000,2019,8,16
5601,90.90399932861328,91.3000030517578,90.63050079345705,90.80599975585938,56326000,2019,8,19
5602,90.7249984741211,90.84100341796876,89.99400329589844,90.06900024414062,38590000,2019,8,20
5603,90.96949768066406,91.47899627685548,90.75,91.177001953125,40636000,2019,8,21
5604,91.4000015258789,91.47049713134766,90.00499725341797,90.23300170898438,53070000,2019,8,22
5605,89.65149688720703,90.24500274658205,87.2614974975586,87.48100280761719,105416000,2019,8,23
5606,88.34549713134766,88.5,87.17549896240234,88.44349670410156,61600000,2019,8,26
5607,88.7864990234375,88.97000122070312,87.33399963378906,88.09149932861328,60394000,2019,8,27
5608,87.75,88.39299774169922,87.20249938964844,88.2125015258789,48394000,2019,8,28
5609,89.1500015258789,89.92749786376953,88.86250305175781,89.31999969482422,60302000,2019,8,29
5610,89.87449645996094,89.98699951171875,88.22850036621094,88.81449890136719,61174000,2019,8,30
5611,88.5,90.04000091552734,88.4000015258789,89.49199676513672,70860000,2019,9,3
5612,90.25,90.38150024414062,89.8115005493164,90.03099822998047,46482000,2019,9,4
5613,91.09750366210938,92.0999984741211,90.77899932861328,92.03600311279295,66216000,2019,9,5
5614,91.91100311279295,92.03250122070312,91.31999969482422,91.67549896240234,49938000,2019,9,6
5615,92.0500030517578,92.5,91.23049926757812,91.56749725341795,59990000,2019,9,9
5616,91.1374969482422,91.29049682617188,90.26699829101562,91.02749633789062,52278000,2019,9,10
5617,90.60700225830078,91.6709976196289,90.4540023803711,91.14949798583984,48656000,2019,9,11
5618,91.88150024414062,92.68299865722656,91.71399688720705,92.17749786376952,56470000,2019,9,12
5619,92.10050201416016,92.30599975585938,91.7584991455078,91.96700286865234,39426000,2019,9,13
5620,91.20099639892578,91.28450012207033,90.01000213623047,90.39199829101562,73510000,2019,9,16
5621,90.35399627685548,91.19950103759766,90.20500183105467,91.12750244140624,39648000,2019,9,17
5622,90.85199737548828,91.10299682617188,89.7750015258789,90.8730010986328,50112000,2019,9,18
5623,91.0510025024414,91.62850189208984,90.8949966430664,91.0749969482422,40630000,2019,9,19
5624,91.08550262451172,91.53150177001952,89.0459976196289,89.70800018310547,106838000,2019,9,20
5625,88.8499984741211,89.63500213623047,88.36599731445312,89.26499938964844,58446000,2019,9,23
5626,89.53050231933594,89.7854995727539,86.77749633789062,87.08049774169922,92320000,2019,9,24
5627,87.36799621582031,88.6500015258789,86.1500015258789,88.41649627685547,69864000,2019,9,25
5628,88.1395034790039,88.16850280761719,86.57499694824219,86.99199676513672,70736000,2019,9,26
5629,87.4000015258789,87.45600128173828,85.69100189208984,86.27249908447266,78144000,2019,9,27
5630,86.34950256347656,86.87300109863281,85.46099853515625,86.79550170898438,52894000,2019,9,30
5631,87.30000305175781,87.77999877929688,86.42050170898438,86.78250122070312,61690000,2019,10,1
5632,86.38700103759766,86.44450378417969,85.25,85.6614990234375,66022000,2019,10,2
5633,85.6500015258789,86.25,84.25299835205078,86.22100067138672,69364000,2019,10,3
5634,86.3010025024414,87.02899932861328,85.96150207519531,86.98249816894531,49438000,2019,10,4
5635,86.58149719238281,87.3915023803711,86.18499755859375,86.63300323486328,43094000,2019,10,7
5636,86.12449645996094,86.3499984741211,85.25,85.27549743652344,50840000,2019,10,8
5637,85.98049926757812,86.49749755859375,85.71800231933594,86.09950256347656,40870000,2019,10,9
5638,86.26200103759766,86.91449737548828,85.6875,86.01300048828125,51504000,2019,10,10
5639,87.14600372314453,87.27249908447266,86.49299621582031,86.59600067138672,65100000,2019,10,11
5640,86.44550323486328,87.09449768066406,86.0999984741211,86.82150268554688,38204000,2019,10,14
5641,87.10700225830078,88.82250213623047,87.03099822998047,88.36900329589844,62234000,2019,10,15
5642,88.66649627685547,89.31199645996094,88.5260009765625,88.87149810791016,55268000,2019,10,16
5643,89.82450103759766,89.94249725341797,89.10099792480469,89.3740005493164,52948000,2019,10,17
5644,89.38999938964844,89.6989974975586,87.45999908447266,87.87550354003906,67250000,2019,10,18
5645,88.48300170898438,89.29399871826172,88.25,89.28299713134766,42608000,2019,10,21
5646,89.40750122070312,89.48899841308594,88.0999984741211,88.2864990234375,42234000,2019,10,22
5647,88.06500244140625,88.50250244140625,87.0999984741211,88.1084976196289,42764000,2019,10,23
5648,88.55449676513672,89.41699981689453,88.01349639892578,89.03900146484375,88922000,2019,10,24
5649,84.87750244140625,88.21050262451172,84.75,88.06649780273438,192528000,2019,10,25
5650,87.40299987792969,88.93499755859375,87.125,88.85399627685547,74178000,2019,10,28
5651,88.7405014038086,88.8499984741211,87.79049682617188,88.135498046875,45538000,2019,10,29
5652,88.01200103759766,89.11900329589844,87.95600128173828,88.99949645996094,48988000,2019,10,30
5653,88.79949951171875,89.5999984741211,88.5739974975586,88.83300018310547,55624000,2019,10,31
5654,89.40049743652344,89.87249755859375,89.260498046875,89.5719985961914,55808000,2019,11,1
5655,90.05049896240234,90.75299835205078,90.05049896240234,90.23300170898438,55438000,2019,11,4
5656,90.45800018310548,90.5124969482422,89.69999694824219,90.08550262451172,37710000,2019,11,5
5657,90.05000305175781,90.125,89.42900085449219,89.78849792480469,40596000,2019,11,6
5658,90.18800354003906,90.29499816894533,89.17400360107422,89.41000366210938,53022000,2019,11,7
5659,89.39450073242188,89.49400329589844,88.7020034790039,89.29399871826172,42466000,2019,11,8
5660,88.9000015258789,89.0,88.35649871826172,88.5824966430664,38920000,2019,11,11
5661,88.73300170898438,89.31099700927734,88.59549713134766,88.9000015258789,40752000,2019,11,12
5662,88.66950225830078,88.75,87.36599731445312,87.65550231933594,59790000,2019,11,13
5663,87.57150268554688,88.32949829101562,87.47799682617188,87.7300033569336,45296000,2019,11,14
5664,88.00250244140625,88.08399963378906,86.64299774169922,86.97450256347656,78552000,2019,11,15
5665,86.91500091552734,87.68499755859375,86.135498046875,87.62650299072266,56790000,2019,11,18
5666,87.84950256347656,88.03399658203125,87.15149688720703,87.6395034790039,45416000,2019,11,19
5667,87.45700073242188,88.1259994506836,86.70600128173828,87.27649688720703,55800000,2019,11,20
5668,87.1500015258789,87.34349822998047,86.51799774169922,86.7354965209961,53258000,2019,11,21
5669,86.95099639892578,87.32150268554688,86.55000305175781,87.28600311279297,49582000,2019,11,22
5670,87.6624984741211,88.87100219726562,87.66200256347656,88.69200134277344,69724000,2019,11,25
5671,88.99600219726562,89.85150146484375,88.9175033569336,89.84700012207031,63624000,2019,11,26
5672,90.05000305175781,91.2249984741211,89.8655014038086,90.92549896240234,60512000,2019,11,27
5673,90.88899993896484,91.2344970703125,90.03949737548828,90.04000091552734,38468000,2019,11,29
5674,90.22000122070312,90.27749633789062,88.13400268554688,89.08000183105469,78512000,2019,12,2
5675,88.0,88.64350128173828,87.36150360107422,88.49800109863281,67618000,2019,12,3
5676,88.70050048828125,89.45449829101562,88.01100158691406,88.03450012207031,53402000,2019,12,4
5677,88.17500305175781,88.17500305175781,87.0,87.02400207519531,56476000,2019,12,5
5678,87.55999755859375,87.72000122070312,87.00650024414062,87.58000183105469,62348000,2019,12,6
5679,87.53299713134766,88.34449768066406,87.28050231933594,87.47550201416016,48856000,2019,12,9
5680,87.37000274658203,87.53350067138672,86.75,86.96050262451172,50286000,2019,12,10
5681,87.08350372314453,87.5,86.7854995727539,87.43599700927734,41952000,2019,12,11
5682,87.5,88.19999694824219,87.27200317382812,88.0165023803711,61918000,2019,12,12
5683,88.25,88.44950103759766,87.75,88.0469970703125,54914000,2019,12,13
5684,88.3499984741211,88.4749984741211,87.85250091552734,88.46050262451172,62904000,2019,12,16
5685,88.90049743652344,89.5999984741211,88.86949920654297,89.53299713134766,72888000,2019,12,17
5686,89.7509994506836,89.91000366210938,89.11799621582031,89.20149993896484,67028000,2019,12,18
5687,89.0250015258789,89.64949798583984,88.7030029296875,89.61399841308594,53056000,2019,12,19
5688,89.98100280761719,90.14849853515624,89.12249755859375,89.32499694824219,103016000,2019,12,20
5689,89.41300201416016,89.6500015258789,89.22550201416016,89.6500015258789,42728000,2019,12,23
5690,89.69049835205078,89.77850341796875,89.37899780273438,89.46050262451172,17626000,2019,12,24
5691,90.05049896240234,93.52300262451172,89.9749984741211,93.4384994506836,120108000,2019,12,26
5692,94.14600372314452,95.06999969482422,93.30049896240234,93.48999786376952,123732000,2019,12,27
5693,93.6999969482422,94.1999969482422,92.03099822998048,92.34449768066406,73494000,2019,12,30
5694,92.0999984741211,92.66300201416016,91.61150360107422,92.39199829101562,50130000,2019,12,31
5695,93.75,94.90049743652344,93.2074966430664,94.90049743652344,80580000,2020,1,2
5696,93.2249984741211,94.30999755859376,93.2249984741211,93.74849700927734,75288000,2020,1,3
5697,93.0,95.18450164794922,93.0,95.1439971923828,81236000,2020,1,6
5698,95.2249984741211,95.69450378417967,94.60199737548828,95.34300231933594,80898000,2020,1,7
5699,94.9020004272461,95.5500030517578,94.3219985961914,94.59850311279295,70160000,2020,1,8
5700,95.49449920654295,95.89099884033205,94.79000091552734,95.05249786376952,63346000,2020,1,9
5701,95.26850128173828,95.34700012207033,94.0,94.15799713134766,57074000,2020,1,10
5702,94.56549835205078,94.9000015258789,94.04000091552734,94.56500244140624,55616000,2020,1,13
5703,94.29399871826172,94.35549926757812,92.92749786376952,93.47200012207033,68818000,2020,1,14
5704,93.6125030517578,93.94300079345705,92.75450134277344,93.10099792480467,57932000,2020,1,15
5705,94.14949798583984,94.27950286865234,93.3010025024414,93.89700317382812,53190000,2020,1,16
5706,94.29450225830078,94.33200073242188,92.8625030517578,93.23600006103516,79946000,2020,1,17
5707,93.25,94.7135009765625,93.0,94.5999984741211,74156000,2020,1,21
5708,94.80449676513672,95.125,94.16699981689452,94.3730010986328,64326000,2020,1,22
5709,94.25550079345705,94.4990005493164,93.63800048828124,94.22899627685548,49692000,2020,1,23
5710,94.56849670410156,94.74949645996094,92.37200164794922,93.08200073242188,75324000,2020,1,24
5711,91.0,92.0500030517578,90.76699829101562,91.41699981689452,70570000,2020,1,27
5712,92.0250015258789,92.90550231933594,91.5009994506836,92.6624984741211,56160000,2020,1,28
5713,93.1999969482422,93.7375030517578,92.7509994506836,92.9000015258789,41760000,2020,1,29
5714,92.9000015258789,93.64350128173828,92.53050231933594,93.53399658203124,126548000,2020,1,30
5715,102.57350158691406,102.78600311279295,100.1135025024414,100.43599700927734,311346000,2020,1,31
5716,100.52999877929688,102.4250030517578,100.0124969482422,100.20999908447266,117834000,2020,2,3
5717,101.49400329589844,102.98999786376952,100.76850128173828,102.4834976196289,105786000,2020,2,4
5718,103.5510025024414,103.5510025024414,101.5999984741211,101.99349975585938,87524000,2020,2,5
5719,102.0510025024414,102.81500244140624,101.23999786376952,102.5114974975586,63660000,2020,2,6
5720,102.09950256347656,104.92649841308594,101.90499877929688,103.96399688720705,101906000,2020,2,7
5721,104.25050354003906,106.77999877929688,104.2480010986328,106.69550323486328,101124000,2020,2,10
5722,107.54499816894533,109.29750061035156,106.8000030517578,107.54000091552734,114920000,2020,2,11
5723,108.16000366210938,109.0124969482422,107.7645034790039,108.0,66686000,2020,2,12
5724,107.24949645996094,108.51399993896484,107.0999984741211,107.49349975585938,60636000,2020,2,13
5725,107.78399658203124,107.9520034790039,106.29450225830078,106.74349975585938,52124000,2020,2,14
5726,106.2509994506836,108.30349731445312,106.20549774169922,107.78350067138672,58912000,2020,2,18
5727,108.38999938964844,109.25499725341795,108.05599975585938,108.51100158691406,51224000,2020,2,19
5728,108.65350341796876,108.8395004272461,106.37249755859376,107.65499877929688,62626000,2020,2,20
5729,107.10749816894533,107.22750091552734,104.4000015258789,104.79850006103516,92926000,2020,2,21
5730,100.15899658203124,101.96499633789062,99.39849853515624,100.4645004272461,130940000,2020,2,24
5731,101.3209991455078,101.7300033569336,97.9209976196289,98.63700103759766,124382000,2020,2,25
5732,98.51399993896484,100.7334976196289,98.02249908447266,98.97949981689452,104492000,2020,2,26
5733,96.71900177001952,98.75,94.13800048828124,94.21499633789062,162880000,2020,2,27
5734,90.73149871826172,94.48799896240234,90.55650329589844,94.1875,189620000,2020,2,28
5735,95.32450103759766,97.72550201416016,93.5,97.69750213623048,135234000,2020,3,2
5736,98.76850128173828,99.81649780273438,94.40450286865234,95.44950103759766,150690000,2020,3,3
5737,97.32849884033205,98.9000015258789,96.0999984741211,98.79149627685548,95458000,2020,3,4
5738,96.6500015258789,98.03600311279295,95.5,96.20149993896484,94964000,2020,3,5
5739,93.75,95.5435028076172,93.4749984741211,95.05449676513672,105472000,2020,3,6
5740,88.69300079345703,93.13849639892578,88.06449890136719,90.03050231933594,156264000,2020,3,9
5741,93.54399871826172,94.7135009765625,90.90850067138672,94.59100341796876,142666000,2020,3,10
5742,92.89250183105467,93.56600189208984,90.0749969482422,91.04299926757812,112496000,2020,3,11
5743,86.0989990234375,88.25,83.75,83.83049774169922,226924000,2020,3,12
5744,87.75,89.31549835205078,84.03099822998047,89.25,176194000,2020,3,13
5745,82.07550048828125,87.97250366210938,81.30149841308594,84.4574966430664,178346000,2020,3,16
5746,88.77349853515625,92.88899993896484,84.46199798583984,90.39199829101562,218342000,2020,3,17
5747,87.5,92.08300018310548,87.25,91.5,192904000,2020,3,18
5748,93.0,97.25,91.63249969482422,94.04650115966795,207998000,2020,3,19
5749,96.31549835205078,97.8499984741211,91.0364990234375,92.30449676513672,196358000,2020,3,20
5750,91.3874969482422,95.97000122070312,90.5999984741211,95.1415023803711,156170000,2020,3,23
5751,97.5749969482422,97.75,95.01699829101562,97.00499725341795,142942000,2020,3,24
5752,96.03450012207033,97.51300048828124,94.28900146484376,94.29199981689452,129582000,2020,3,25
5753,95.0999984741211,97.82450103759766,94.4645004272461,97.77449798583984,124426000,2020,3,26
5754,96.54299926757812,96.989501953125,94.99600219726562,95.00499725341795,107758000,2020,3,27
5755,96.1415023803711,98.68150329589844,95.61699676513672,98.19750213623048,122522000,2020,3,30
5756,98.21749877929688,99.6510009765625,97.20050048828124,97.48600006103516,102472000,2020,3,31
5757,96.64849853515624,97.2480010986328,94.6500015258789,95.38500213623048,82438000,2020,4,1
5758,95.08200073242188,96.37650299072266,94.5,95.94149780273438,86720000,2020,4,2
5759,95.55750274658205,96.31649780273438,94.4574966430664,95.32949829101562,72198000,2020,4,3
5760,96.8000030517578,99.9260025024414,96.5009994506836,99.87950134277344,115464000,2020,4,6
5761,100.85549926757812,101.78600311279295,99.88099670410156,100.58000183105467,102280000,2020,4,7
5762,101.0500030517578,102.1999969482422,100.55750274658205,102.1500015258789,79546000,2020,4,8
5763,102.21499633789062,102.6500015258789,100.88300323486328,102.13800048828124,92930000,2020,4,9
5764,102.0,109.0,101.9000015258789,108.44349670410156,134334000,2020,4,13
5765,110.02349853515624,114.5999984741211,109.3105010986328,114.16600036621094,161744000,2020,4,14
5766,112.88400268554688,116.6685028076172,112.25,115.38400268554688,137332000,2020,4,15
5767,117.3000030517578,123.0500030517578,116.75,120.40950012207033,240764000,2020,4,16
5768,118.6165008544922,120.0,115.8010025024414,118.75,158600000,2020,4,17
5769,119.49749755859376,122.2490005493164,119.30249786376952,119.68049621582033,115414000,2020,4,20
5770,120.83049774169922,121.41549682617188,113.98300170898438,116.40599822998048,149534000,2020,4,21
5771,118.4499969482422,119.6999969482422,117.5500030517578,118.17449951171876,84244000,2020,4,22
5772,119.9990005493164,121.21099853515624,119.10399627685548,119.97250366210938,101332000,2020,4,23
5773,120.8499984741211,121.02149963378906,119.0999984741211,120.51100158691406,76498000,2020,4,24
5774,122.16000366210938,122.24400329589844,118.1500015258789,118.8000030517578,112912000,2020,4,27
5775,118.6050033569336,118.6750030517578,115.3000030517578,115.7040023803711,105388000,2020,4,28
5776,116.50050354003906,119.59449768066406,115.5,118.635498046875,91832000,2020,4,29
5777,120.99199676513672,123.75,119.80049896240234,123.6999969482422,190692000,2020,4,30
5778,116.83999633789062,118.12200164794922,112.90950012207033,114.302001953125,195452000,2020,5,1
5779,112.81900024414062,116.3489990234375,112.81900024414062,115.79949951171876,97318000,2020,5,4
5780,117.0,117.5500030517578,115.35649871826172,115.88999938964844,64850000,2020,5,5
5781,116.47200012207033,117.87249755859376,116.0,117.56300354003906,62356000,2020,5,6
5782,118.73899841308594,118.8000030517578,117.15550231933594,118.38050079345705,67928000,2020,5,7
5783,118.60700225830078,119.36199951171876,117.8499984741211,118.98049926757812,64132000,2020,5,8
5784,118.73500061035156,120.9834976196289,118.60549926757812,120.4499969482422,65184000,2020,5,11
5785,120.59249877929688,120.9499969482422,117.75,117.84750366210938,61498000,2020,5,12
5786,118.33999633789062,120.38500213623048,116.88999938964844,118.39600372314452,95658000,2020,5,13
5787,118.05049896240234,119.56849670410156,117.6604995727539,119.44249725341795,72962000,2020,5,14
5788,118.4260025024414,120.5500030517578,117.81849670410156,120.48899841308594,84700000,2020,5,15
5789,120.21749877929688,121.6500015258789,119.20050048828124,121.31300354003906,87144000,2020,5,18
5790,121.4915008544922,124.25,121.44850158691406,122.46649932861328,86410000,2020,5,19
5791,123.89350128173828,125.00050354003906,123.3635025024414,124.89700317382812,79962000,2020,5,20
5792,125.0,126.27249908447266,122.1269989013672,122.33699798583984,102288000,2020,5,21
5793,122.75050354003906,123.49250030517578,121.50650024414062,121.84400177001952,57342000,2020,5,22
5794,122.9000015258789,123.0999984741211,120.7030029296875,121.09300231933594,71364000,2020,5,26
5795,120.24949645996094,120.6790008544922,116.5,120.51950073242188,101138000,2020,5,27
5796,119.21649932861328,121.84850311279295,118.9114990234375,120.05500030517578,63804000,2020,5,28
5797,120.7969970703125,122.11849975585938,119.91000366210938,122.11849975585938,70198000,2020,5,29
5798,122.4000015258789,123.84649658203124,122.20850372314452,123.552001953125,58578000,2020,6,1
5799,123.3499984741211,123.67649841308594,122.2655029296875,123.62049865722656,50598000,2020,6,2
5800,123.40049743652344,124.4000015258789,123.05850219726562,123.91999816894533,53420000,2020,6,3
5801,123.87149810791016,125.3769989013672,122.50050354003906,123.02999877929688,58974000,2020,6,4
5802,122.22550201416016,124.43250274658205,121.85649871826172,124.1500015258789,66128000,2020,6,5
5803,125.01000213623048,126.5,124.36699676513672,126.2030029296875,79414000,2020,6,8
5804,126.47200012207033,131.32150268554688,126.25,130.04299926757812,103520000,2020,6,9
5805,132.25,136.11749267578125,131.31300354003906,132.37249755859375,98920000,2020,6,10
5806,130.1750030517578,133.56900024414062,126.8115005493164,127.89800262451172,116002000,2020,6,11
5807,130.0605010986328,131.07400512695312,125.1675033569336,127.2509994506836,108722000,2020,6,12
5808,126.33000183105467,129.1999969482422,125.4000015258789,128.63400268554688,77302000,2020,6,15
5809,131.0,131.0,128.8000030517578,130.7635040283203,71712000,2020,6,16
5810,132.375,132.75,131.59100341796875,132.0489959716797,59186000,2020,6,17
5811,132.35049438476562,132.98199462890625,131.8054962158203,132.69900512695312,49756000,2020,6,18
5812,133.9040069580078,134.8715057373047,132.9499969482422,133.75050354003906,115540000,2020,6,19
5813,134.22500610351562,135.75,133.4499969482422,135.6909942626953,64176000,2020,6,22
5814,136.30099487304688,139.15550231933594,135.90199279785156,138.2205047607422,84634000,2020,6,23
5815,139.0,139.8000030517578,136.0500030517578,136.72000122070312,90532000,2020,6,24
5816,136.9774932861328,137.81149291992188,135.60699462890625,137.72900390625,59374000,2020,6,25
5817,138.7530059814453,139.1284942626953,134.39999389648438,134.64349365234375,130016000,2020,6,26
5818,134.50050354003906,134.83999633789062,131.50399780273438,134.0189971923828,84468000,2020,6,29
5819,134.2534942626953,138.48150634765625,133.75149536132812,137.9409942626953,75394000,2020,6,30
5820,137.89950561523438,144.75,137.6999969482422,143.93499755859375,127268000,2020,7,1
5821,145.60049438476562,147.7779998779297,143.55499267578125,144.51499938964844,131868000,2020,7,2
5822,146.74850463867188,152.99400329589844,146.5,152.8520050048828,137612000,2020,7,6
5823,152.92750549316406,153.4774932861328,149.5,150.00599670410156,105150000,2020,7,7
5824,151.1304931640625,154.19850158691406,150.6215057373047,154.0554962158203,100752000,2020,7,8
5825,155.79949951171875,159.69400024414062,153.6999969482422,159.13150024414062,127774000,2020,7,9
5826,159.58799743652344,160.75,156.78500366210938,160.0,109720000,2020,7,10
5827,162.55299377441406,167.21449279785156,153.41949462890625,155.1999969482422,154408000,2020,7,13
5828,154.4499969482422,156.36900329589844,147.5,154.1999969482422,144638000,2020,7,14
5829,154.01150512695312,154.91749572753906,148.65899658203125,150.44349670410156,115778000,2020,7,15
5830,148.55299377441406,151.60000610351562,145.9114990234375,149.9949951171875,127884000,2020,7,16
5831,150.4499969482422,151.1999969482422,147.42250061035156,148.09849548339844,95226000,2020,7,17
5832,150.00999450683594,160.0679931640625,149.7010040283203,159.8419952392578,151964000,2020,7,20
5833,161.62449645996094,162.0290069580078,155.28599548339844,156.9145050048828,122426000,2020,7,21
5834,156.25,157.5,153.26300048828125,154.99549865722656,82084000,2020,7,22
5835,154.9134979248047,154.9134979248047,148.5,149.32749938964844,113138000,2020,7,23
5836,146.5,151.57899475097656,144.39999389648438,150.44549560546875,112648000,2020,7,24
5837,153.10000610351562,154.89999389648438,150.7884979248047,152.760498046875,83410000,2020,7,27
5838,152.7135009765625,153.85450744628906,149.78799438476562,150.01649475097656,62534000,2020,7,28
5839,151.54949951171875,151.95799255371094,149.8385009765625,151.67649841308594,59482000,2020,7,29
5840,150.6999969482422,154.60000610351562,150.25,152.593994140625,122566000,2020,7,30
5841,162.1999969482422,162.34100341796875,157.5500030517578,158.23399353027344,161710000,2020,7,31
5842,159.02549743652344,159.1999969482422,155.1999969482422,155.59449768066406,101494000,2020,8,3
5843,155.0605010986328,158.36199951171875,155.0605010986328,156.94149780273438,93886000,2020,8,4
5844,157.18850708007812,160.67950439453125,156.36500549316406,160.25149536132812,78330000,2020,8,5
5845,159.71800231933594,162.37350463867188,158.27149963378906,161.25,78812000,2020,8,6
5846,161.20050048828125,162.04049682617188,157.0334930419922,158.3730010986328,78722000,2020,8,7
5847,158.5155029296875,158.62550354003906,155.0760040283203,157.4080047607422,63346000,2020,8,10
5848,155.66000366210938,157.96099853515625,153.64999389648438,154.0334930419922,74362000,2020,8,11
5849,155.39999389648438,158.71949768066406,155.0709991455078,158.11199951171875,70442000,2020,8,12
5850,159.14950561523438,160.87600708007812,157.75,158.05099487304688,62980000,2020,8,13
5851,158.90899658203125,158.91200256347656,156.0,157.4010009765625,55034000,2020,8,14
5852,158.656005859375,159.74850463867188,157.70899963378906,159.12049865722656,53824000,2020,8,17
5853,160.60000610351562,166.0,160.29100036621094,165.62449645996094,106920000,2020,8,18
5854,165.15049743652344,165.7949981689453,162.8000030517578,163.0240020751953,83702000,2020,8,19
5855,162.60000610351562,165.63099670410156,161.89999389648438,164.86849975585938,66650000,2020,8,20
5856,164.75,165.72000122070312,163.76950073242188,164.23599243164062,71518000,2020,8,21
5857,165.50750732421875,169.01600646972656,162.8780059814453,165.3730010986328,93326000,2020,8,24
5858,164.74949645996094,167.8699951171875,163.35000610351562,167.32449340820312,79856000,2020,8,25
5859,167.5554962158203,172.58700561523438,167.22850036621094,172.09249877929688,130174000,2020,8,26
5860,172.50250244140625,172.64999389648438,168.89999389648438,170.0,85296000,2020,8,27
5861,171.14999389648438,171.6685028076172,169.3249969482422,170.08999633789062,57940000,2020,8,28
5862,170.44949340820312,174.75,170.25,172.54800415039062,83718000,2020,8,31
5863,174.47900390625,175.69349670410156,173.35000610351562,174.95599365234375,68644000,2020,9,1
5864,177.35000610351562,177.6125030517578,174.33450317382812,176.57249450683594,78630000,2020,9,2
5865,174.25,174.42050170898438,165.14999389648438,168.39999389648438,163222000,2020,9,3
5866,165.89999389648438,169.0749969482422,155.55650329589844,164.7310028076172,175636000,2020,9,4
5867,157.1999969482422,162.54249572753906,156.5,157.49200439453125,121884000,2020,9,8
5868,160.14950561523438,165.15899658203125,159.25,163.4304962158203,103774000,2020,9,9
5869,165.36099243164062,167.4945068359375,158.52749633789062,158.7554931640625,106614000,2020,9,10
5870,160.4344940185547,160.86700439453125,154.19900512695312,155.81100463867188,101880000,2020,9,11
5871,158.64700317382812,159.3695068359375,154.8000030517578,155.14849853515625,90592000,2020,9,14
5872,156.80799865722656,158.75100708007812,155.4459991455078,157.80650329589844,80430000,2020,9,15
5873,158.99949645996094,159.36199951171875,153.70750427246094,153.90499877929688,90244000,2020,9,16
5874,150.46249389648438,151.47149658203125,148.62750244140625,150.43649291992188,128982000,2020,9,17
5875,151.58700561523438,151.88999938964844,145.27699279785156,147.74549865722656,177852000,2020,9,18
5876,145.3249969482422,148.10000610351562,143.5500030517578,148.02349853515625,122358000,2020,9,21
5877,151.69200134277344,156.69949340820312,150.00999450683594,156.44949340820312,138976000,2020,9,22
5878,156.02149963378906,156.35000610351562,149.61900329589844,149.9929962158203,113054000,2020,9,23
5879,148.88949584960938,153.46499633789062,148.25,150.989501953125,110588000,2020,9,24
5880,152.7429962158203,155.07699584960938,149.9499969482422,154.75650024414062,92304000,2020,9,25
5881,157.4425048828125,158.7519989013672,155.85850524902344,158.70249938964844,84484000,2020,9,28
5882,158.76950073242188,159.41299438476562,156.6269989013672,157.24400329589844,69916000,2020,9,29
5883,157.0570068359375,160.6439971923828,156.69949340820312,157.43649291992188,97922000,2020,9,30
5884,160.39999389648438,161.1999969482422,158.60000610351562,161.06300354003906,99438000,2020,10,1
5885,157.68150329589844,159.7899932861328,156.14999389648438,156.25,112262000,2020,10,2
5886,157.29200744628906,160.12649536132812,157.04249572753906,159.9600067138672,75506000,2020,10,5
5887,158.25,159.10000610351562,154.5,154.9980010986328,101738000,2020,10,6
5888,156.75,160.0,156.6195068359375,159.7845001220703,86188000,2020,10,7
5889,161.24949645996094,161.6645050048828,158.74949645996094,159.52749633789062,63482000,2020,10,8
5890,160.5,164.44949340820312,159.89149475097656,164.33250427246094,98158000,2020,10,9
5891,167.4969940185547,174.81199645996094,166.9774932861328,172.14649963378906,167284000,2020,10,12
5892,173.39950561523438,174.61900329589844,171.21099853515625,172.18150329589844,114894000,2020,10,13
5893,172.35000610351562,173.24400329589844,167.0,168.1855010986328,116254000,2020,10,14
5894,164.60049438476562,167.79400634765625,164.0,166.9324951171875,104468000,2020,10,15
5895,168.1614990234375,169.98300170898438,158.0,163.635498046875,129488000,2020,10,16
5896,164.98049926757812,166.4499969482422,159.63699340820312,160.36050415039062,104472000,2020,10,19
5897,161.11399841308594,163.3000030517578,159.60049438476562,160.85049438476562,90194000,2020,10,20
5898,160.625,161.69400024414062,158.0,159.2469940185547,91854000,2020,10,21
5899,159.49349975585938,159.9375,156.0970001220703,158.82000732421875,84240000,2020,10,22
5900,159.5500030517578,160.26649475097656,157.0,160.22000122070312,69334000,2020,10,23
5901,159.93699645996094,164.1490020751953,157.6649932861328,160.3520050048828,118024000,2020,10,26
5902,161.2469940185547,164.58299255371094,160.56500244140625,164.31649780273438,85820000,2020,10,27
5903,162.46499633789062,163.2010040283203,158.12350463867188,158.13900756835938,111766000,2020,10,28
5904,160.06350708007812,162.8625030517578,158.1999969482422,160.55050659179688,131930000,2020,10,29
5905,157.8874969482422,158.35000610351562,150.9499969482422,151.8074951171875,167728000,2020,10,30
5906,153.08700561523438,153.98550415039062,147.50599670410156,150.2239990234375,145148000,2020,11,2
5907,150.92649841308594,153.7449951171875,149.0489959716797,152.42050170898438,97958000,2020,11,3
5908,157.99949645996094,162.24249267578125,156.9864959716797,162.05799865722656,136780000,2020,11,4
5909,165.99850463867188,168.33999633789062,164.44400024414062,166.10000610351562,115786000,2020,11,5
5910,165.23199462890625,166.10000610351562,161.60000610351562,165.56849670410156,92946000,2020,11,6
5911,161.55149841308594,164.4499969482422,155.60549926757812,157.18699645996094,143808000,2020,11,9
5912,154.75100708007812,155.6999969482422,150.9739990234375,151.75100708007812,131820000,2020,11,10
5913,153.08900451660156,156.95750427246094,152.5,156.8695068359375,87338000,2020,11,11
5914,157.99749755859375,158.79400634765625,154.30250549316406,155.51400756835938,87240000,2020,11,12
5915,156.10000610351562,157.08599853515625,154.26950073242188,156.4405059814453,75124000,2020,11,13
5916,154.66000366210938,157.13499450683594,153.63450622558594,156.55299377441406,76174000,2020,11,16
5917,159.177001953125,159.46249389648438,156.76300048828125,156.7830047607422,68894000,2020,11,17
5918,156.6999969482422,157.0,155.2550048828125,155.2729949951172,58336000,2020,11,18
5919,155.2655029296875,156.25,154.04600524902344,155.8509979248047,60206000,2020,11,19
5920,155.8509979248047,156.64450073242188,154.90249633789062,154.97000122070312,67488000,2020,11,20
5921,155.8350067138672,156.9875030517578,153.2729949951172,154.91949462890625,94178000,2020,11,23
5922,155.02499389648438,156.71249389648438,154.31300354003906,155.9029998779297,72042000,2020,11,24
5923,157.093505859375,159.89999389648438,157.01300048828125,159.2534942626953,75808000,2020,11,25
5924,160.56300354003906,160.8094940185547,159.50250244140625,159.76699829101562,47858000,2020,11,27
5925,160.4239959716797,161.41949462890625,156.27749633789062,158.40199279785156,81278000,2020,11,30
5926,159.4250030517578,162.44749450683594,157.85899353027344,161.00399780273438,90740000,2020,12,1
5927,161.08250427246094,161.60000610351562,158.66299438476562,160.17649841308594,62586000,2020,12,2
5928,160.2729949951172,161.4320068359375,159.0655059814453,159.3365020751953,57840000,2020,12,3
5929,159.91050720214844,159.91050720214844,157.93800354003906,158.12899780273438,58272000,2020,12,4
5930,157.82400512695312,159.03799438476562,157.08450317382812,157.89999389648438,55026000,2020,12,7
5931,157.94500732421875,159.2064971923828,156.00100708007812,158.864501953125,65726000,2020,12,8
5932,158.39450073242188,158.72149658203125,154.39999389648438,155.2100067138672,82016000,2020,12,9
5933,154.44949340820312,157.10499572753906,153.8000030517578,155.07449340820312,60604000,2020,12,10
5934,154.83299255371094,155.93350219726562,153.64100646972656,155.8209991455078,61294000,2020,12,11
5935,157.14999389648438,159.52349853515625,156.3000030517578,157.84849548339844,83116000,2020,12,14
5936,159.05050659179688,159.4250030517578,156.52450561523438,158.25599670410156,66390000,2020,12,15
5937,158.80050659179688,162.35000610351562,158.1840057373047,162.04800415039062,88552000,2020,12,16
5938,162.5,163.17550659179688,161.0500030517578,161.8040008544922,69486000,2020,12,17
5939,162.19949340820312,162.4709930419922,158.5800018310547,160.08250427246094,119914000,2020,12,18
5940,160.00050354003906,161.34849548339844,158.3000030517578,160.3090057373047,76736000,2020,12,21
5941,160.14199829101562,161.10000610351562,159.00399780273438,160.3260040283203,47388000,2020,12,22
5942,160.25,160.50650024414062,159.20849609375,159.2635040283203,41876000,2020,12,23
5943,159.69500732421875,160.10000610351562,158.4499969482422,158.63450622558594,29038000,2020,12,24
5944,159.6999969482422,165.1999969482422,158.63450622558594,164.197998046875,113736000,2020,12,28
5945,165.4969940185547,167.53250122070312,164.06100463867188,166.10000610351562,97458000,2020,12,29
5946,167.0500030517578,167.10499572753906,164.12350463867188,164.29249572753906,64186000,2020,12,30
5947,163.75,164.14599609375,162.05999755859375,162.84649658203125,59144000,2020,12,31
5948,163.5,163.60000610351562,157.2010040283203,159.3314971923828,88228000,2021,1,4
5949,158.30050659179688,161.16900634765625,158.2530059814453,160.92550659179688,53110000,2021,1,5
5950,157.32400512695312,159.87550354003906,156.55799865722656,156.91900634765625,87896000,2021,1,6
5951,157.85000610351562,160.427001953125,157.75,158.10800170898438,70290000,2021,1,7
5952,159.0,159.53199768066406,157.11000061035156,159.13499450683594,70754000,2021,1,8
5953,157.40049743652344,157.81900024414062,155.5,155.7104949951172,73668000,2021,1,11
5954,156.0,157.10699462890625,154.3000030517578,156.04150390625,70292000,2021,1,12
5955,156.4219970703125,159.49749755859375,156.10400390625,158.29449462890625,66424000,2021,1,13
5956,158.37600708007812,158.89999389648438,156.0294952392578,156.37350463867188,61418000,2021,1,14
5957,156.1510009765625,157.12750244140625,154.7584991455078,155.21249389648438,84880000,2021,1,15
5958,155.35000610351562,157.25,154.8000030517578,156.03799438476562,66102000,2021,1,19
5959,159.09950256347656,163.99000549316406,158.75,163.16900634765625,106196000,2021,1,20
5960,164.64999389648438,167.42750549316406,164.47850036621094,165.34950256347656,98722000,2021,1,21
5961,165.2154998779297,166.0955047607422,164.1580047607422,164.6114959716797,56438000,2021,1,22
5962,166.4250030517578,168.1945037841797,162.15750122070312,164.6999969482422,74996000,2021,1,25
5963,164.8179931640625,166.89999389648438,164.14349365234375,166.30650329589844,59104000,2021,1,26
5964,167.07449340820312,167.3260040283203,160.35400390625,161.62899780273438,93204000,2021,1,27
5965,161.7519989013672,165.08399963378906,161.4344940185547,161.88099670410156,62984000,2021,1,28
5966,161.5,161.84950256347656,159.2274932861328,160.30999755859375,85872000,2021,1,29
5967,162.1179962158203,167.51300048828125,161.75149536132812,167.1439971923828,83204000,2021,2,1
5968,169.0,171.38699340820312,168.05650329589844,169.0,141972000,2021,2,2
5969,171.25050354003906,171.6999969482422,165.43099975585938,165.62649536132812,141776000,2021,2,3
5970,166.5,167.35000610351562,163.8874969482422,166.5500030517578,73414000,2021,2,4
5971,165.9499969482422,168.85000610351562,165.135498046875,167.6074981689453,72416000,2021,2,5
5972,167.9250030517578,168.25,165.1999969482422,166.14700317382812,65148000,2021,2,8
5973,165.62449645996094,166.89999389648438,164.89199829101562,165.25,44070000,2021,2,9
5974,165.6999969482422,165.8975067138672,162.6999969482422,164.32899475097656,63032000,2021,2,10
5975,164.60000610351562,164.60000610351562,162.4029998779297,163.10650634765625,46028000,2021,2,11
5976,162.5,164.0124969482422,161.66549682617188,163.885498046875,46706000,2021,2,12
5977,162.70249938964844,165.4149932861328,162.67950439453125,163.44749450683594,51494000,2021,2,16
5978,163.17999267578125,166.04550170898438,162.97500610351562,165.4320068359375,65950000,2021,2,17
5979,164.12100219726562,166.89999389648438,163.69700622558594,166.4114990234375,60548000,2021,2,18
5980,166.4114990234375,166.6750030517578,162.28750610351562,162.4949951171875,86104000,2021,2,19
5981,160.406494140625,161.61599731445312,158.61300659179688,159.03700256347656,70314000,2021,2,22
5982,156.35150146484375,160.2364959716797,154.67999267578125,159.72500610351562,93544000,2021,2,23
5983,158.33749389648438,158.56149291992188,156.2689971923828,157.97650146484375,60226000,2021,2,24
5984,156.83700561523438,158.91299438476562,152.38800048828125,152.85800170898438,90676000,2021,2,25
5985,154.75999450683594,156.1219940185547,151.8350067138672,154.64649963378906,85518000,2021,2,26
5986,156.39450073242188,157.47799682617188,154.89950561523438,157.3070068359375,54582000,2021,3,1
5987,157.17349243164062,158.17599487304688,154.3560028076172,154.72650146484375,51916000,2021,3,2
5988,154.0590057373047,155.38900756835938,149.75,150.25,79774000,2021,3,3
5989,150.60000610351562,152.906494140625,147.27149963378906,148.8784942626953,109632000,2021,3,4
5990,150.25,150.4499969482422,144.0500030517578,150.0229949951172,107772000,2021,3,5
5991,150.75,153.22950744628906,147.5655059814453,147.59750366210938,83700000,2021,3,8
5992,150.89950561523438,154.54800415039062,150.25750732421875,153.1425018310547,80600000,2021,3,9
5993,154.92250061035156,155.822998046875,151.50250244140625,152.8820037841797,60250000,2021,3,10
5994,155.20050048828125,156.58900451660156,154.14649963378906,155.67950439453125,55528000,2021,3,11
5995,153.75,154.94900512695312,152.27499389648438,154.47450256347656,48438000,2021,3,12
5996,153.72850036621094,154.11199951171875,151.60450744628906,154.08399963378906,58272000,2021,3,15
5997,155.24850463867188,156.44549560546875,153.79299926757812,154.59300231933594,50776000,2021,3,16
5998,153.66099548339844,158.65249633789062,153.51100158691406,156.7864990234375,62372000,2021,3,17
5999,155.0500030517578,155.8314971923828,151.25,151.39950561523438,72992000,2021,3,18
6000,151.4615020751953,153.864501953125,150.8314971923828,153.7480010986328,92508000,2021,3,19
6001,153.3925018310547,156.32899475097656,153.00250244140625,155.5435028076172,58044000,2021,3,22
6002,156.35000610351562,159.10000610351562,156.04249572753906,156.875,76346000,2021,3,23
6003,157.552001953125,158.0155029296875,154.25750732421875,154.35350036621094,59180000,2021,3,24
6004,153.64950561523438,155.48899841308594,151.85699462890625,152.31300354003906,71270000,2021,3,25
6005,152.2030029296875,152.83299255371094,149.8000030517578,152.60150146484375,66258000,2021,3,26
6006,152.77200317382812,154.5625,151.42250061035156,153.7864990234375,54920000,2021,3,29
6007,153.50050354003906,153.64999389648438,151.6999969482422,152.76449584960938,46752000,2021,3,30
6008,153.2030029296875,155.9665069580078,153.125,154.70399475097656,61878000,2021,3,31
6009,155.89700317382812,158.1219940185547,155.77749633789062,158.0500030517578,58806000,2021,4,1
6010,158.64999389648438,161.79800415039062,158.06199645996094,161.3365020751953,66698000,2021,4,5
6011,161.1875,162.36549377441406,160.8520050048828,161.1909942626953,50756000,2021,4,6
6012,161.69000244140625,165.1804962158203,161.1824951171875,163.96949768066406,66924000,2021,4,7
6013,165.5449981689453,166.22500610351562,164.60000610351562,164.96499633789062,56242000,2021,4,8
6014,165.23500061035156,168.61000061035156,164.44500732421875,168.61000061035156,86830000,2021,4,9
6015,167.760498046875,169.7519989013672,167.5574951171875,168.96949768066406,65636000,2021,4,12
6016,170.04249572753906,171.60000610351562,169.781494140625,170.0,66316000,2021,4,13
6017,170.20199584960938,170.2064971923828,166.3000030517578,166.64999389648438,62904000,2021,4,14
6018,168.5500030517578,169.85000610351562,167.60000610351562,168.95449829101562,64672000,2021,4,15
6019,169.0,170.33999633789062,167.7794952392578,169.9720001220703,63720000,2021,4,16
6020,169.51649475097656,171.79649353027344,168.00799560546875,168.60049438476562,54508000,2021,4,19
6021,168.67999267578125,169.14950561523438,165.8000030517578,166.7344970703125,52460000,2021,4,20
6022,165.8000030517578,168.14300537109375,165.1905059814453,168.1009979248047,44224000,2021,4,21
6023,168.58399963378906,168.64349365234375,165.07249450683594,165.45199584960938,51612000,2021,4,22
6024,165.9550018310547,168.75,165.4250030517578,167.04400634765625,63856000,2021,4,23
6025,167.39999389648438,171.42250061035156,166.5469970703125,170.4499969482422,97614000,2021,4,26
6026,172.17349243164062,173.0,169.90049743652344,170.8715057373047,76542000,2021,4,27
6027,171.74000549316406,174.49400329589844,171.25,172.9250030517578,92638000,2021,4,28
6028,175.2550048828125,175.72250366210938,171.75,173.5655059814453,153648000,2021,4,29
6029,176.25599670410156,177.6999969482422,173.125,173.37100219726562,140186000,2021,4,30
6030,174.2364959716797,174.33250427246094,168.63499450683594,169.32449340820312,117510000,2021,5,3
6031,167.8094940185547,168.3990020751953,163.60650634765625,165.593505859375,108788000,2021,5,4
6032,166.9429931640625,167.73500061035156,163.21800231933594,163.52699279785156,74226000,2021,5,5
6033,163.5,165.72000122070312,162.36000061035156,165.31849670410156,88954000,2021,5,6
6034,165.95449829101562,166.54449462890625,164.45350646972656,164.58050537109375,94206000,2021,5,7
6035,164.11599731445312,164.14999389648438,159.5,159.52450561523438,116772000,2021,5,10
6036,156.81399536132812,161.89999389648438,156.36849975585938,161.19549560546875,92396000,2021,5,11
6037,159.25,160.39700317382812,156.65499877929688,157.5970001220703,98728000,2021,5,12
6038,159.27349853515625,160.19200134277344,156.64999389648438,158.07350158691406,67018000,2021,5,13
6039,159.2779998779297,161.4429931640625,159.14999389648438,161.14500427246094,66500000,2021,5,14
6040,162.29649353027344,164.6374969482422,161.72950744628906,163.51950073242188,74478000,2021,5,17
6041,164.62899780273438,165.60000610351562,161.51849365234375,161.61399841308594,56568000,2021,5,18
6042,159.75,161.7375030517578,159.1999969482422,161.58999633789062,53594000,2021,5,19
6043,162.22000122070312,162.98399353027344,161.8090057373047,162.38400268554688,52664000,2021,5,20
6044,162.5,162.83450317382812,159.85049438476562,160.1540069580078,82098000,2021,5,21
6045,160.77499389648438,162.8975067138672,160.52499389648438,162.24949645996094,48456000,2021,5,24
6046,163.33349609375,163.99099731445312,160.68800354003906,162.95249938964844,65222000,2021,5,25
6047,163.72950744628906,164.7864990234375,162.92550659179688,163.25799560546875,47680000,2021,5,26
6048,162.8000030517578,163.01800537109375,161.5019989013672,161.5054931640625,51224000,2021,5,27
6049,162.10000610351562,162.39950561523438,160.98500061035156,161.15350341796875,46596000,2021,5,28
6050,162.1750030517578,162.5489959716797,160.4530029296875,160.9324951171875,48600000,2021,6,1
6051,161.15499877929688,161.75,160.39999389648438,161.69949340820312,40290000,2021,6,2
6052,160.2115020751953,160.7220001220703,159.20150756835938,159.35049438476562,47966000,2021,6,3
6053,160.60000610351562,161.0500030517578,159.9405059814453,160.31100463867188,44994000,2021,6,4
6054,159.8665008544922,160.39999389648438,158.61000061035156,159.90049743652344,44316000,2021,6,7
6055,161.1304931640625,163.97650146484375,160.90049743652344,163.20550537109375,68334000,2021,6,8
6056,163.64349365234375,164.87899780273438,163.53500366210938,164.0574951171875,49110000,2021,6,9
6057,164.10049438476562,167.5500030517578,164.0574951171875,167.4824981689453,69530000,2021,6,10
6058,167.4824981689453,168.32899475097656,166.67250061035156,167.3415069580078,56348000,2021,6,11
6059,167.3415069580078,169.25,166.77499389648438,169.19349670410156,51394000,2021,6,14
6060,169.1999969482422,169.84950256347656,168.15550231933594,169.156494140625,48524000,2021,6,15
6061,169.60000610351562,171.3175048828125,168.02650451660156,170.7624969482422,84056000,2021,6,16
6062,170.15899658203125,174.86000061035156,170.0500030517578,174.46200561523438,102730000,2021,6,17
6063,173.99949645996094,175.35000610351562,173.6855010986328,174.34500122070312,104954000,2021,6,18
6064,173.8209991455078,174.10000610351562,171.6999969482422,172.697998046875,65542000,2021,6,21
6065,172.9029998779297,176.18899536132812,172.80450439453125,175.27200317382812,66902000,2021,6,22
6066,175.25,176.0500030517578,174.16000366210938,175.1909942626953,56266000,2021,6,23
6067,175.3820037841797,176.2429962158203,171.54249572753906,172.45399475097656,76640000,2021,6,24
6068,173.1999969482422,173.24099731445312,169.70899963378906,170.072998046875,78820000,2021,6,25
6069,170.8000030517578,172.39999389648438,170.67550659179688,172.1945037841797,44856000,2021,6,28
6070,171.9409942626953,172.80149841308594,171.15150451660156,172.40699768066406,41968000,2021,6,29
6071,172.05299377441406,173.5800018310547,171.75,172.00799560546875,48080000,2021,6,30
6072,171.73049926757812,172.85000610351562,170.4709930419922,171.64849853515625,40742000,2021,7,1
6073,172.58200073242188,175.58599853515625,171.8459930419922,175.5489959716797,63388000,2021,7,2
6074,176.5054931640625,184.2740020751953,176.4499969482422,183.78700256347656,134896000,2021,7,6
6075,185.86900329589844,186.7100067138672,183.94549560546875,184.82899475097656,106562000,2021,7,7
6076,182.1779937744141,187.9994964599609,181.05599975585935,186.57049560546875,103612000,2021,7,8
6077,186.12600708007807,187.3999938964844,184.6699981689453,185.9669952392578,74964000,2021,7,9
6078,187.1999969482422,187.864501953125,184.8394927978516,185.9275054931641,51432000,2021,7,12
6079,185.10499572753903,188.6540069580078,183.5659942626953,183.8679962158203,76918000,2021,7,13
6080,185.4425048828125,185.88299560546875,183.04150390625,184.08399963378903,65932000,2021,7,14
6081,184.7100067138672,184.7700042724609,181.04600524902344,181.55999755859372,63706000,2021,7,15
6082,181.66549682617188,182.3029937744141,178.5229949951172,178.68150329589844,80874000,2021,7,16
6083,176.62899780273438,177.510498046875,174.95799255371094,177.47950744628906,75692000,2021,7,19
6084,178.36599731445312,179.60000610351562,175.89999389648438,178.6595001220703,65114000,2021,7,20
6085,178.81900024414062,179.32249450683594,177.1820068359375,179.25999450683594,46380000,2021,7,21
6086,179.3614959716797,182.00100708007807,179.11349487304688,181.9015045166016,65308000,2021,7,22
6087,182.0,183.3054962158203,181.1020050048828,182.83200073242188,48726000,2021,7,23
6088,183.6584930419922,185.60400390625,182.3625030517578,184.99099731445312,58002000,2021,7,26
6089,184.9250030517578,184.9250030517578,179.3074951171875,181.3195037841797,82638000,2021,7,27
6090,181.68899536132807,182.92100524902344,180.0500030517578,181.51600646972656,59988000,2021,7,28
6091,181.3874969482422,181.8975067138672,179.00050354003906,179.99600219726562,110400000,2021,7,29
6092,167.3975067138672,168.40699768066406,165.3489990234375,166.37950134277344,199312000,2021,7,30
6093,167.65499877929688,167.9459991455078,165.85000610351562,166.57400512695312,67078000,2021,8,2
6094,167.03599548339844,169.5500030517578,164.98849487304688,168.31199645996094,83146000,2021,8,3
6095,168.96749877929688,169.44400024414062,167.2779998779297,167.73599243164062,43678000,2021,8,4
6096,167.81100463867188,169.4499969482422,167.04600524902344,168.79949951171875,48670000,2021,8,5
6097,168.75,168.75,166.45199584960938,167.2469940185547,52752000,2021,8,6
6098,167.1804962158203,167.74400329589844,166.42599487304688,167.093505859375,42964000,2021,8,9
6099,167.25050354003906,167.89999389648438,165.75,166.03399658203125,48252000,2021,8,10
6100,166.57249450683594,166.88499450683594,163.88949584960938,164.60549926757812,58944000,2021,8,11
6101,164.5,165.72549438476562,163.48350524902344,165.1750030517578,46282000,2021,8,12
6102,165.2834930419922,165.30349731445312,164.14999389648438,164.69850158691406,41134000,2021,8,13
6103,164.14999389648438,165.0,160.55650329589844,164.94949340820312,66394000,2021,8,16
6104,163.875,164.02450561523438,161.28399658203125,162.09800720214844,67758000,2021,8,17
6105,162.09950256347656,162.7050018310547,160.0,160.06100463867188,56086000,2021,8,18
6106,159.7010040283203,161.64999389648438,159.1230010986328,159.3874969482422,75658000,2021,8,19
6107,160.19349670410156,160.3905029296875,158.78799438476562,159.99749755859375,67168000,2021,8,20
6108,160.59500122070312,164.0449981689453,160.50050354003906,163.2935028076172,65362000,2021,8,23
6109,164.0,165.77450561523438,163.72900390625,165.28900146484375,51036000,2021,8,24
6110,165.49349975585938,166.0500030517578,164.3074951171875,164.95899963378906,33606000,2021,8,25
6111,164.9499969482422,166.60000610351562,164.8000030517578,165.8000030517578,41976000,2021,8,26
6112,166.6614990234375,167.61599731445312,165.6875,167.48150634765625,48048000,2021,8,27
6113,167.8715057373047,172.25,167.76100158691406,171.07850646972656,63844000,2021,8,30
6114,171.24000549316406,173.62899780273438,169.7794952392578,173.5395050048828,87128000,2021,8,31
6115,174.82000732421875,176.35000610351562,173.76199340820312,173.9499969482422,72598000,2021,9,1
6116,174.73800659179688,175.59800720214844,172.75,173.156005859375,58474000,2021,9,2
6117,172.60000610351562,174.1334991455078,171.82200622558594,173.90249633789062,51514000,2021,9,3
6118,173.89999389648438,176.4044952392578,173.8470001220703,175.46449279785156,54758000,2021,9,7
6119,175.58250427246094,177.281494140625,174.7834930419922,176.27499389648438,61068000,2021,9,8
6120,176.30099487304688,177.49949645996094,174.01849365234375,174.20799255371094,54384000,2021,9,9
6121,175.0915069580078,175.42250061035156,173.14549255371094,173.45750427246094,47946000,2021,9,10
6122,174.13999938964844,174.8979949951172,171.89999389648438,172.85850524902344,51380000,2021,9,13
6123,173.77749633789062,174.3404998779297,171.885498046875,172.5,38738000,2021,9,14
6124,172.12600708007812,174.27099609375,170.10049438476562,173.7895050048828,59150000,2021,9,15
6125,172.9980010986328,174.62750244140625,172.3070068359375,174.41200256347656,51672000,2021,9,16
6126,174.42050170898438,174.87049865722656,172.60650634765625,173.12600708007812,92332000,2021,9,17
6127,169.8000030517578,170.9499969482422,165.25050354003906,167.7864990234375,93382000,2021,9,20
6128,168.75,168.98500061035156,166.6195068359375,167.18150329589844,55618000,2021,9,21
6129,167.5500030517578,169.4499969482422,167.05250549316406,169.00250244140625,48228000,2021,9,22
6130,169.00250244140625,171.447998046875,169.00250244140625,170.8000030517578,47588000,2021,9,23
6131,170.10049438476562,171.46299743652344,169.6699981689453,171.2760009765625,42324000,2021,9,24
6132,168.5749969482422,170.77850341796875,166.98049926757812,170.2899932861328,72690000,2021,9,27
6133,167.885498046875,168.45950317382812,164.5050048828125,165.79800415039062,88616000,2021,9,28
6134,166.10549926757812,167.56500244140625,164.89349365234375,165.05599975585938,51246000,2021,9,29
6135,165.8000030517578,166.3925018310547,163.69949340820312,164.2519989013672,56848000,2021,9,30
6136,164.45050048828125,165.45849609375,162.7969970703125,164.16299438476562,56712000,2021,10,1
6137,163.96949768066406,163.99949645996094,158.8125,159.48899841308594,90462000,2021,10,4
6138,160.22500610351562,163.0364990234375,160.1230010986328,161.0500030517578,65384000,2021,10,5
6139,160.67649841308594,163.2169952392578,159.93099975585938,163.10049438476562,50660000,2021,10,6
6140,164.57699584960938,166.28750610351562,164.1529998779297,165.1215057373047,48182000,2021,10,7
6141,165.85000610351562,166.07150268554688,164.41000366210938,164.43099975585938,39964000,2021,10,8
6142,163.75,164.62950134277344,161.90499877929688,162.31500244140625,40684000,2021,10,11
6143,162.85000610351562,163.37649536132812,161.81399536132812,162.3665008544922,36392000,2021,10,12
6144,163.48550415039062,164.41900634765625,163.05450439453125,164.21400451660156,48402000,2021,10,13
6145,165.12249755859375,165.6300048828125,164.53900146484375,164.9929962158203,42190000,2021,10,14
6146,165.5709991455078,170.52099609375,165.1999969482422,170.4510040283203,103598000,2021,10,15
6147,169.41799926757812,172.45849609375,169.2550048828125,172.33700561523438,63482000,2021,10,18
6148,171.71449279785156,172.7344970703125,171.10000610351562,172.20750427246094,47722000,2021,10,19
6149,172.63299560546875,173.14300537109375,170.01849365234375,170.7530059814453,42796000,2021,10,20
6150,170.71249389648438,172.01400756835938,170.14999389648438,171.75050354003906,37628000,2021,10,21
6151,171.0500030517578,171.49200439453125,166.56500244140625,166.77749633789062,62782000,2021,10,22
6152,166.75,167.38999938964844,164.88499450683594,166.01849365234375,44520000,2021,10,25
6153,167.47549438476562,170.80599975585938,167.19900512695312,168.80349731445312,53966000,2021,10,26
6154,169.39999389648438,171.85000610351562,168.57249450683594,169.62449645996094,54044000,2021,10,27
6155,170.10499572753906,173.9499969482422,169.3000030517578,172.32850646972656,114174000,2021,10,28
6156,165.00100708007812,168.74099731445312,163.66600036621094,168.6215057373047,129722000,2021,10,29
6157,168.08999633789062,168.79299926757812,164.6009979248047,165.90550231933594,72178000,2021,11,1
6158,165.75050354003906,166.55599975585938,164.17750549316406,165.6374969482422,52552000,2021,11,2
6159,165.4499969482422,169.74600219726562,164.87600708007812,169.1999969482422,67944000,2021,11,3
6160,168.5,174.93150329589844,168.25,173.85000610351562,107060000,2021,11,4
6161,173.85000610351562,178.3125,173.8489990234375,175.94949340820312,99940000,2021,11,5
6162,176.16200256347656,178.9499969482422,174.39300537109375,174.44900512695312,61480000,2021,11,8
6163,175.7624969482422,179.68850708007812,175.07150268554688,178.81149291992188,85898000,2021,11,9
6164,178.19349670410156,180.2725067138672,173.1544952392578,174.1024932861328,80548000,2021,11,10
6165,175.64999389648438,177.16200256347656,173.37350463867188,173.625,45288000,2021,11,11
6166,174.25,177.0364990234375,172.3524932861328,176.25750732421875,53788000,2021,11,12
6167,176.85000610351562,179.69400024414062,176.29049682617188,177.28399658203125,58594000,2021,11,15
6168,176.9499969482422,178.8249969482422,176.25750732421875,177.03500366210938,44342000,2021,11,16
6169,178.23599243164062,179.3625030517578,177.2675018310547,177.4499969482422,51206000,2021,11,17
6170,178.3175048828125,185.2100067138672,178.0500030517578,184.8029937744141,114070000,2021,11,18
6171,185.63450622558597,188.1074981689453,183.78599548339844,183.82850646972656,98734000,2021,11,19
6172,183.81900024414065,185.67300415039065,178.375,178.6284942626953,96844000,2021,11,22
6173,179.2519989013672,181.0525054931641,176.385498046875,179.0019989013672,73804000,2021,11,23
6174,178.1334991455078,180.6820068359375,176.84249877929688,179.02049255371094,46560000,2021,11,24
6175,180.10499572753906,181.6750030517578,175.20750427246094,175.22799682617188,59826000,2021,11,26
6176,177.3820037841797,179.8000030517578,176.5749969482422,178.07850646972656,65312000,2021,11,29
6177,178.1750030517578,179.2884979248047,174.60049438476562,175.35350036621094,80022000,2021,11,30
6178,177.25,177.99400329589844,172.0800018310547,172.18600463867188,74916000,2021,12,1
6179,173.0,174.63499450683594,171.1875,171.8679962158203,64726000,2021,12,2
6180,172.75,173.49349975585938,166.92999267578125,169.489501953125,80712000,2021,12,3
6181,169.64999389648438,173.69549560546875,166.9344940185547,171.36849975585938,68860000,2021,12,6
6182,174.60000610351562,177.49949645996094,173.33450317382812,176.1645050048828,66410000,2021,12,7
6183,176.15049743652344,177.17999267578125,174.75050354003906,176.1580047607422,45254000,2021,12,8
6184,175.75,176.96949768066406,174.13949584960938,174.17100524902344,46062000,2021,12,9
6185,175.41700744628906,175.927001953125,170.5,172.21200561523438,60690000,2021,12,10
6186,172.0,172.10000610351562,169.1300048828125,169.5675048828125,62170000,2021,12,13
6187,167.5500030517578,169.49899291992188,166.44000244140625,169.0915069580078,55976000,2021,12,14
6188,168.59800720214844,173.60000610351562,165.19500732421875,173.31500244140625,75794000,2021,12,15
6189,173.36849975585938,174.16600036621094,168.16050720214844,168.87100219726562,60876000,2021,12,16
6190,167.7104949951172,170.89849853515625,165.61349487304688,170.0175018310547,85542000,2021,12,17
6191,166.85000610351562,167.87449645996094,165.60000610351562,167.07899475097656,57372000,2021,12,20
6192,167.85049438476562,170.7165069580078,165.6475067138672,170.41700744628906,55956000,2021,12,21
6193,169.27000427246094,172.0500030517578,168.50050354003906,171.03700256347656,55036000,2021,12,22
6194,170.42799377441406,171.97500610351562,170.14999389648438,171.06849670410156,36788000,2021,12,23
6195,171.03700256347656,172.9429931640625,169.2154998779297,169.66949462890625,58688000,2021,12,27
6196,170.1824951171875,172.17599487304688,169.135498046875,170.66099548339844,54638000,2021,12,28
6197,170.83999633789062,171.21200561523438,168.60049438476562,169.2010040283203,35754000,2021,12,29
6198,169.6999969482422,170.88800048828125,168.5240020751953,168.64450073242188,37584000,2021,12,30
6199,168.95599365234375,169.35000610351562,166.55850219726562,166.7169952392578,47830000,2021,12,31
6200,167.5500030517578,170.70350646972656,166.16050720214844,170.4044952392578,63520000,2022,1,3
6201,170.43800354003906,171.39999389648438,166.34950256347656,167.52200317382812,70726000,2022,1,4
6202,166.88299560546875,167.12649536132812,164.35699462890625,164.35699462890625,64302000,2022,1,5
6203,163.45050048828125,164.8000030517578,161.93699645996094,163.25399780273438,51958000,2022,1,6
6204,163.83900451660156,165.24349975585938,162.031005859375,162.5540008544922,46606000,2022,1,7
6205,160.5854949951172,161.6614990234375,156.30450439453125,161.48599243164062,87798000,2022,1,10
6206,161.5,166.35000610351562,160.70150756835938,165.36199951171875,62806000,2022,1,11
6207,166.5749969482422,166.8780059814453,164.41700744628906,165.20700073242188,50030000,2022,1,12
6208,165.25050354003906,166.22149658203125,161.09100341796875,161.21400451660156,52188000,2022,1,13
6209,160.14999389648438,162.25,159.80050659179688,162.13800048828125,45974000,2022,1,14
6210,159.10499572753906,159.7344970703125,157.6645050048828,158.91749572753906,67292000,2022,1,18
6211,158.76199340820312,159.25,156.25,156.2989959716797,53242000,2022,1,19
6212,156.76600646972656,158.0,151.3509979248047,151.66749572753906,71974000,2022,1,20
6213,149.9499969482422,150.89999389648438,142.07049560546875,142.64300537109375,163972000,2022,1,21
6214,139.0,144.94500732421875,135.3520050048828,144.54400634765625,155624000,2022,1,24
6215,142.24249267578125,143.60000610351562,138.14500427246094,139.98599243164062,90824000,2022,1,25
6216,144.75,145.18499755859375,137.31849670410156,138.87249755859375,95602000,2022,1,26
6217,140.8000030517578,144.24349975585938,139.35000610351562,139.6374969482422,77516000,2022,1,27
6218,140.86050415039062,143.9980010986328,137.92950439453125,143.97799682617188,74392000,2022,1,28
6219,144.75,150.36050415039062,144.30050659179688,149.57350158691406,78308000,2022,1,31
6220,150.0,151.70799255371094,147.62750244140625,151.19349670410156,59220000,2022,2,1
6221,155.05050659179688,155.0749969482422,148.86349487304688,150.6125030517578,87330000,2022,2,2
6222,141.7375030517578,144.24749755859375,138.33299255371094,138.8455047607422,225532000,2022,2,3
6223,155.60650634765625,161.1999969482422,150.60800170898438,157.63949584960938,253456000,2022,2,4
6224,158.52000427246094,162.6909942626953,157.25,157.9355010986328,102624000,2022,2,7
6225,156.75050354003906,161.79249572753906,155.55050659179688,161.4134979248047,76040000,2022,2,8
6226,162.87350463867188,163.83450317382812,160.25,161.1894989013672,68786000,2022,2,9
6227,158.35000610351562,160.7165069580078,157.75,159.0034942626953,68268000,2022,2,10
6228,158.13450622558594,159.0,152.73399353027344,153.2935028076172,77100000,2022,2,11
6229,151.75100708007812,158.44850158691406,151.64999389648438,155.16700744628906,83230000,2022,2,14
6230,157.60549926757812,158.0070037841797,154.6374969482422,156.510498046875,56440000,2022,2,15
6231,155.79049682617188,158.83399963378906,154.7344970703125,158.10049438476562,52704000,2022,2,16
6232,158.14599609375,160.3489990234375,154.5,154.65249633789062,64032000,2022,2,17
6233,155.49949645996094,155.49949645996094,150.89300537109375,152.60150146484375,63604000,2022,2,18
6234,150.47850036621094,152.9824981689453,148.48550415039062,150.19749450683594,66128000,2022,2,22
6235,151.65049743652344,151.76300048828125,144.6510009765625,144.82699584960938,64244000,2022,2,23
6236,139.83749389648438,151.74899291992188,139.5,151.35800170898438,100786000,2022,2,24
6237,150.5500030517578,153.99000549316406,149.2135009765625,153.7884979248047,62396000,2022,2,25
6238,152.4250030517578,154.4499969482422,150.85000610351562,153.56300354003906,57684000,2022,2,28
6239,152.7324981689453,154.0989990234375,149.9770050048828,151.14199829101562,44874000,2022,3,1
6240,150.8489990234375,152.99949645996094,148.75,152.05250549316406,47334000,2022,3,2
6241,153.531494140625,153.9290008544922,146.8560028076172,147.89849853515625,65198000,2022,3,3
6242,147.15899658203125,147.85000610351562,143.8070068359375,145.64100646972656,60934000,2022,3,4
6243,145.44349670410156,146.09449768066406,137.41650390625,137.4530029296875,86934000,2022,3,7
6244,136.68350219726562,140.69949340820312,133.57249450683594,136.01449584960938,91662000,2022,3,8
6245,139.5,140.25,136.8280029296875,139.2790069580078,82656000,2022,3,9
6246,145.68499755859375,148.67449951171875,143.97799682617188,146.8175048828125,135062000,2022,3,10
6247,149.57449340820312,149.6750030517578,145.36900329589844,145.52450561523438,68900000,2022,3,11
6248,145.9810028076172,147.4499969482422,140.88400268554688,141.85299682617188,74086000,2022,3,14
6249,142.85000610351562,147.98500061035156,142.0,147.3665008544922,75584000,2022,3,15
6250,148.5,153.14999389648438,147.35350036621094,153.10400390625,84958000,2022,3,16
6251,152.6405029296875,157.49850463867188,152.13999938964844,157.23899841308594,72934000,2022,3,17
6252,156.81300354003906,161.593994140625,156.01100158691406,161.25050354003906,102962000,2022,3,18
6253,161.12100219726562,163.08399963378906,159.55299377441406,161.4915008544922,66538000,2022,3,21
6254,161.8054962158203,166.16700744628906,161.69900512695312,164.88900756835938,64086000,2022,3,22
6255,163.7050018310547,166.3699951171875,162.68699645996094,163.4080047607422,55812000,2022,3,23
6256,163.74949645996094,164.11849975585938,160.0500030517578,163.64950561523438,56798000,2022,3,24
6257,164.0,165.36849975585938,162.25,164.77349853515625,49032000,2022,3,25
6258,164.97500610351562,169.03750610351562,164.89999389648438,168.99049377441406,59854000,2022,3,28
6259,170.38400268554688,170.8314971923828,167.86849975585938,169.31500244140625,66154000,2022,3,29
6260,168.50950622558594,168.95050048828125,165.5,166.30099487304688,56168000,2022,3,30
6261,166.44500732421875,166.4949951171875,162.95350646972656,162.99749755859375,59966000,2022,3,31
6262,164.14950561523438,165.82699584960938,162.3195037841797,163.55999755859375,57090000,2022,4,1
6263,164.125,168.39450073242188,163.20550537109375,168.34649658203125,49882000,2022,4,4
6264,167.7415008544922,168.11050415039062,163.26600646972656,164.05499267578125,53728000,2022,4,5
6265,161.65049743652344,162.1999969482422,157.25450134277344,158.75599670410156,79056000,2022,4,6
6266,158.39999389648438,160.07899475097656,154.51150512695312,157.7845001220703,68136000,2022,4,7
6267,156.75,157.36849975585938,154.2310028076172,154.4604949951172,46002000,2022,4,8
6268,152.71299743652344,154.13650512695312,150.5345001220703,151.1219940185547,52112000,2022,4,11
6269,153.6925048828125,155.0989990234375,150.38299560546875,150.78750610351562,55178000,2022,4,12
6270,150.01849365234375,156.02499389648438,149.60000610351562,155.54100036621094,53390000,2022,4,13
6271,155.38999938964844,155.89700317382812,151.4720001220703,151.7064971923828,51598000,2022,4,14
6272,151.52349853515625,154.0395050048828,150.25050354003906,152.78500366210938,46514000,2022,4,18
6273,152.0294952392578,158.6490020751953,151.55050659179688,158.11549377441406,54926000,2022,4,19
6274,157.6024932861328,157.6024932861328,153.60350036621094,153.9980010986328,59630000,2022,4,20
6275,154.71400451660156,156.73800659179688,147.58949279785156,148.29600524902344,63970000,2022,4,21
6276,148.25,149.61500549316406,143.69749450683594,144.35000610351562,73078000,2022,4,22
6277,144.0229949951172,146.22149658203125,142.30650329589844,146.07400512695312,61874000,2022,4,25
6278,144.8000030517578,144.8560028076172,138.92950439453125,139.39100646972656,77530000,2022,4,26
6279,140.19149780273438,141.94850158691406,135.7834930419922,138.16700744628906,71336000,2022,4,27
6280,142.17799377441406,145.9375,140.3000030517578,144.59649658203125,117316000,2022,4,28
6281,129.8489990234375,130.76100158691406,121.625,124.28150177001952,272662000,2022,4,29
6282,122.4010009765625,124.66799926757812,118.375,124.5,148788000,2022,5,2
6283,124.05349731445312,126.22049713134766,122.8249969482422,124.25350189208984,79134000,2022,5,3
6284,123.5999984741211,126.0,119.18299865722656,125.92849731445312,110746000,2022,5,4
6285,123.0,123.4990005493164,115.07250213623048,116.40699768066406,144392000,2022,5,5
6286,114.8499984741211,119.05049896240234,113.0814971923828,114.77249908447266,124260000,2022,5,6
6287,111.3125,114.0,107.95700073242188,108.78900146484376,128124000,2022,5,9
6288,111.25,112.64250183105467,107.1709976196289,108.85900115966795,105434000,2022,5,10
6289,108.10350036621094,110.15599822998048,104.42849731445312,105.37200164794922,109704000,2022,5,11
6290,102.75,110.78050231933594,102.40550231933594,106.93049621582033,132026000,2022,5,12
6291,109.06900024414062,113.18399810791016,107.8000030517578,113.05500030517578,93684000,2022,5,13
6292,113.0999984741211,113.99250030517578,110.35399627685548,110.8105010986328,74566000,2022,5,16
6293,113.2750015258789,115.8000030517578,111.27649688720705,115.36849975585938,76448000,2022,5,17
6294,111.4394989013672,112.85299682617188,106.2490005493164,107.1125030517578,108380000,2022,5,18
6295,106.28050231933594,110.03399658203124,106.19300079345705,107.31900024414062,88142000,2022,5,19
6296,109.56849670410156,109.89800262451172,105.0094985961914,107.59100341796876,99500000,2022,5,20
6297,108.46099853515624,108.81900024414062,103.9499969482422,107.55699920654295,107798000,2022,5,23
6298,104.0250015258789,105.4000015258789,101.26000213623048,104.0999984741211,102934000,2022,5,24
6299,103.65550231933594,108.1750030517578,103.6500015258789,106.7750015258789,93120000,2022,5,25
6300,107.97000122070312,112.66549682617188,107.45349884033205,111.07749938964844,93002000,2022,5,26
6301,113.5500030517578,115.18699645996094,112.62799835205078,115.14649963378906,93660000,2022,5,27
6302,116.27999877929688,121.99449920654295,115.6750030517578,120.20950317382812,144634000,2022,5,31
6303,122.25599670410156,125.1790008544922,120.62249755859376,121.68399810791016,127528000,2022,6,1
6304,121.68399810791016,125.61000061035156,120.04499816894533,125.51100158691406,100560000,2022,6,2
6305,124.1999969482422,124.4000015258789,121.04650115966795,122.3499984741211,97604000,2022,6,3
6306,125.25,128.99000549316406,123.80999755859376,124.79000091552734,135269000,2022,6,6
6307,122.01000213623048,124.0999984741211,120.62999725341795,123.0,85156700,2022,6,7
6308,122.61000061035156,123.75,120.75,121.18000030517578,64926600,2022,6,8
6309,119.98999786376952,121.3000030517578,116.0999984741211,116.1500015258789,67029800,2022,6,9
6310,113.41999816894533,114.5,109.0500030517578,109.6500015258789,87266000,2022,6,10
6311,104.19000244140624,106.54000091552734,101.86000061035156,103.66999816894533,99277700,2022,6,13
6312,104.19000244140624,104.87999725341795,101.43000030517578,102.30999755859376,69728800,2022,6,14
6313,103.86000061035156,109.05999755859376,103.52999877929688,107.66999816894533,85011100,2022,6,15
6314,104.47000122070312,104.58000183105467,102.01000213623048,103.66000366210938,82186300,2022,6,16
6315,102.8000030517578,106.9800033569336,102.51000213623048,106.22000122070312,99772100,2022,6,17
6316,108.1999969482422,111.62999725341795,103.55999755859376,108.68000030517578,70901200,2022,6,21
6317,107.43000030517578,112.12999725341795,107.0199966430664,108.9499969482422,60040100,2022,6,22
6318,110.38999938964844,113.0,107.93000030517578,112.44000244140624,64345300,2022,6,23
6319,112.37999725341795,116.70999908447266,111.43000030517578,116.45999908447266,69867600,2022,6,24
6320,117.08999633789062,117.9800033569336,112.6999969482422,113.22000122070312,62133200,2022,6,27
6321,113.5,114.8499984741211,107.04000091552734,107.4000015258789,74942900,2022,6,28
6322,107.37999725341795,110.98999786376952,106.91000366210938,108.91999816894533,66375300,2022,6,29
6323,108.11000061035156,108.18000030517578,102.5199966430664,106.20999908447266,97679400,2022,6,30
6324,106.29000091552734,109.75,105.8499984741211,109.55999755859376,73021200,2022,7,1
6325,107.5999984741211,114.08000183105467,106.31999969482422,113.5,76583700,2022,7,5
6326,113.20999908447266,115.4800033569336,112.01000213623048,114.33000183105467,66958900,2022,7,6
6327,113.8499984741211,116.98999786376952,113.48999786376952,116.33000183105467,57872300,2022,7,7
6328,114.5999984741211,116.58000183105467,113.69000244140624,115.54000091552734,45719700,2022,7,8
6329,114.08000183105467,114.3000030517578,110.87000274658205,111.75,53487600,2022,7,11
6330,112.16000366210938,113.2300033569336,108.33999633789062,109.22000122070312,54280300,2022,7,12
6331,107.02999877929688,111.77999877929688,106.01000213623048,110.4000015258789,61353800,2022,7,13
6332,110.23999786376952,111.18000030517578,107.58000183105467,110.62999725341795,51163100,2022,7,14
6333,112.5,115.58999633789062,111.58999633789062,113.5500030517578,84317800,2022,7,15
6334,115.0,117.23999786376952,113.1500015258789,113.76000213623048,59115400,2022,7,18
6335,115.6999969482422,118.9499969482422,114.02999877929688,118.20999908447266,60990000,2022,7,19
6336,118.62000274658205,123.4800033569336,118.31999969482422,122.7699966430664,71268300,2022,7,20
6337,123.1999969482422,124.8499984741211,121.26000213623048,124.62999725341795,60239900,2022,7,21
6338,125.01000213623048,125.5,121.3499984741211,122.41999816894533,51463800,2022,7,22
6339,122.6999969482422,123.63999938964844,120.02999877929688,121.13999938964844,50221300,2022,7,25
6340,115.79000091552734,118.1500015258789,114.52999877929688,114.80999755859376,67075100,2022,7,26
6341,117.30999755859376,121.9000015258789,117.16000366210938,120.97000122070312,61582000,2022,7,27
6342,121.56999969482422,122.83999633789062,118.08000183105467,122.27999877929688,82245500,2022,7,28
6343,134.89999389648438,137.64999389648438,132.41000366210938,134.9499969482422,148892900,2022,7,29
6344,134.9600067138672,138.8300018310547,133.50999450683594,135.38999938964844,76846900,2022,8,1
6345,134.72000122070312,137.44000244140625,134.08999633789062,134.16000366210938,61922400,2022,8,2
6346,136.2100067138672,140.49000549316406,136.0500030517578,139.52000427246094,71827800,2022,8,3
6347,140.5800018310547,143.55999755859375,139.5500030517578,142.57000732421875,70585000,2022,8,4
6348,140.10000610351562,142.86000061035156,139.60000610351562,140.8000030517578,50686900,2022,8,5
6349,142.0500030517578,144.22999572753906,138.2899932861328,139.41000366210938,52229000,2022,8,8
6350,138.0500030517578,138.9499969482422,136.2100067138672,137.8300018310547,40434700,2022,8,9
6351,142.89999389648438,144.60000610351562,141.00999450683594,142.69000244140625,54773800,2022,8,10
6352,143.86000061035156,144.49000549316406,139.75999450683594,140.63999938964844,44867300,2022,8,11
6353,142.0500030517578,143.57000732421875,140.1199951171875,143.5500030517578,47643500,2022,8,12
6354,142.8000030517578,143.75999450683594,141.49000549316406,143.17999267578125,39014600,2022,8,15
6355,143.91000366210938,146.57000732421875,142.0,144.77999877929688,59102900,2022,8,16
6356,142.69000244140625,143.3800048828125,140.77999877929688,142.10000610351562,48149800,2022,8,17
6357,141.32000732421875,142.77000427246094,140.3800048828125,142.3000030517578,37458700,2022,8,18
6358,140.47000122070312,141.11000061035156,137.91000366210938,138.22999572753906,47792800,2022,8,19
6359,135.72000122070312,136.32000732421875,132.85000610351562,133.22000122070312,50461500,2022,8,22
6360,133.41000366210938,134.99000549316406,132.9499969482422,133.6199951171875,36252100,2022,8,23
6361,132.75,135.47000122070312,132.10000610351562,133.8000030517578,38627000,2022,8,24
6362,135.25999450683594,137.4199981689453,134.27999877929688,137.27999877929688,37496300,2022,8,25
6363,136.5500030517578,137.8300018310547,130.5,130.75,53322700,2022,8,26
6364,129.89999389648438,131.9499969482422,128.77000427246094,129.7899932861328,48101600,2022,8,29
6365,131.25,132.07000732421875,126.8499984741211,128.72999572753906,49203000,2022,8,30
6366,129.4499969482422,130.58999633789062,126.73999786376952,126.7699966430664,53648700,2022,8,31
6367,126.0,128.02000427246094,123.66000366210938,127.81999969482422,56636100,2022,9,1
6368,129.5,131.3800048828125,126.38999938964844,127.51000213623048,57429800,2022,9,2
6369,127.91999816894533,128.6199951171875,124.73999786376952,126.11000061035156,43888600,2022,9,6
6370,126.12000274658205,129.82000732421875,125.4000015258789,129.47999572753906,47900300,2022,9,7
6371,127.72000122070312,130.27999877929688,127.0999984741211,129.82000732421875,43988500,2022,9,8
6372,130.91000366210938,133.69000244140625,130.75999450683594,133.27000427246094,49387600,2022,9,9
6373,134.10000610351562,136.49000549316406,134.0,136.4499969482422,53826900,2022,9,12
6374,131.00999450683594,131.39999389648438,126.2699966430664,126.81999969482422,72694000,2022,9,13
6375,127.36000061035156,128.83999633789062,126.33000183105467,128.5500030517578,45316800,2022,9,14
6376,127.37999725341795,130.3699951171875,125.5,126.27999877929688,52887200,2022,9,15
6377,122.77999877929688,123.87000274658205,120.6999969482422,123.52999877929688,115667800,2022,9,16
6378,122.16000366210938,124.70999908447266,121.8000030517578,124.66000366210938,47279700,2022,9,19
6379,123.3499984741211,124.4000015258789,121.13999938964844,122.19000244140624,47698400,2022,9,20
6380,122.48999786376952,123.76000213623048,118.4499969482422,118.54000091552734,58498900,2022,9,21
6381,117.08000183105467,118.79000091552734,116.26000213623048,117.30999755859376,55229200,2022,9,22
6382,116.0,116.0500030517578,112.05999755859376,113.77999877929688,65126700,2022,9,23
6383,113.3000030517578,117.33999633789062,113.12999725341795,115.1500015258789,62723300,2022,9,26
6384,117.1999969482422,118.31999969482422,113.0500030517578,114.41000366210938,60094700,2022,9,27
6385,114.37999725341795,118.6999969482422,113.8000030517578,118.01000213623048,55763800,2022,9,28
6386,115.5999984741211,116.06999969482422,113.05999755859376,114.8000030517578,58969700,2022,9,29
6387,114.08000183105467,116.91999816894533,112.83999633789062,113.0,59479600,2022,9,30
6388,113.58000183105467,116.91000366210938,112.4499969482422,115.87999725341795,50941900,2022,10,3
6389,119.88999938964844,123.0,119.79000091552734,121.08999633789062,62812600,2022,10,4
6390,118.58000183105467,121.75,117.69000244140624,120.9499969482422,48217500,2022,10,5
6391,120.7699966430664,121.52999877929688,119.5,120.3000030517578,42253800,2022,10,6
6392,118.0,118.16999816894533,113.87999725341795,114.55999755859376,54678000,2022,10,7
6393,115.0999984741211,116.25,112.43000030517578,113.66999816894533,42339700,2022,10,10
6394,112.70999908447266,115.4800033569336,110.38999938964844,112.20999908447266,56432200,2022,10,11
6395,112.48999786376952,113.83000183105467,111.4000015258789,112.9000015258789,45728700,2022,10,12
6396,107.87999725341795,113.44000244140624,105.3499984741211,112.52999877929688,86868100,2022,10,13
6397,114.0999984741211,114.95999908447266,106.5999984741211,106.9000015258789,67737300,2022,10,14
6398,110.11000061035156,114.19000244140624,110.08999633789062,113.79000091552734,62782000,2022,10,17
6399,119.05999755859376,119.5199966430664,114.79000091552734,116.36000061035156,65607400,2022,10,18
6400,114.70999908447266,116.58999633789062,113.22000122070312,115.06999969482422,47198100,2022,10,19
6401,113.83000183105467,118.23999786376952,113.51000213623048,115.25,48795100,2022,10,20
6402,114.79000091552734,119.58999633789062,114.5,119.31999969482422,55660500,2022,10,21
6403,119.9800033569336,120.38999938964844,116.56999969482422,119.81999969482422,49531500,2022,10,24
6404,119.6500015258789,121.31999969482422,118.9499969482422,120.5999984741211,50934600,2022,10,25
6405,116.0,119.3499984741211,114.76000213623048,115.66000366210938,68802300,2022,10,26
6406,113.91999816894533,114.12000274658205,109.7699966430664,110.95999908447266,129605400,2022,10,27
6407,97.91000366210938,103.95999908447266,97.66000366210938,103.41000366210938,223133400,2022,10,28
6408,103.55999755859376,104.87000274658205,100.73999786376952,102.44000244140624,99251400,2022,10,31
6409,103.98999786376952,104.58000183105467,96.05999755859376,96.79000091552734,153370000,2022,11,1
6410,97.31999969482422,97.73999786376952,92.01000213623048,92.12000274658205,135761800,2022,11,2
6411,92.47000122070312,93.5,89.0199966430664,89.30000305175781,136683300,2022,11,3
6412,91.48999786376952,92.44000244140624,88.04000091552734,90.9800033569336,129101300,2022,11,4
6413,91.9499969482422,92.0999984741211,89.04000091552734,90.52999877929688,77495700,2022,11,7
6414,90.79000091552734,91.72000122070312,88.2300033569336,89.9800033569336,88703400,2022,11,8
6415,89.47000122070312,89.4800033569336,85.87000274658203,86.13999938964844,90796200,2022,11,9
6416,92.94000244140624,98.69000244140624,91.6500015258789,96.62999725341795,173414900,2022,11,10
6417,97.87999725341795,101.19000244140624,96.66000366210938,100.79000091552734,111590500,2022,11,11
6418,98.7699966430664,100.12000274658205,97.29000091552734,98.48999786376952,99533100,2022,11,14
6419,103.20999908447266,103.79000091552734,97.33999633789062,98.94000244140624,111336300,2022,11,15
6420,96.8499984741211,98.48999786376952,95.54000091552734,97.12000274658205,87958800,2022,11,16
6421,95.37000274658205,96.97000122070312,94.02999877929688,94.8499984741211,82617900,2022,11,17
6422,95.9499969482422,95.98999786376952,92.4800033569336,94.13999938964844,72428200,2022,11,18
6423,93.97000122070312,95.0199966430664,90.58999633789062,92.45999908447266,84330300,2022,11,21
6424,92.62000274658205,93.3499984741211,90.87000274658205,93.1999969482422,62192000,2022,11,22
6425,93.23999786376952,94.58000183105467,92.83000183105467,94.12999725341795,59414700,2022,11,23
6426,93.79000091552734,94.43000030517578,93.06999969482422,93.41000366210938,35088600,2022,11,25
6427,93.93000030517578,96.4000015258789,93.43000030517578,93.9499969482422,74943100,2022,11,28
6428,94.04000091552734,94.41000366210938,91.44000244140624,92.41999816894533,65567300,2022,11,29
6429,92.47000122070312,96.54000091552734,91.52999877929688,96.54000091552734,102805800,2022,11,30
6430,96.98999786376952,97.2300033569336,94.91999816894533,95.5,68488000,2022,12,1
6431,94.4800033569336,95.36000061035156,93.77999877929688,94.12999725341795,72496400,2022,12,2
6432,93.0500030517578,94.05999755859376,90.81999969482422,91.01000213623048,71535500,2022,12,5
6433,90.5,91.04000091552734,87.9000015258789,88.25,75503600,2022,12,6
6434,88.33999633789062,89.88999938964844,87.4800033569336,88.45999908447266,68086900,2022,12,7
6435,89.23999786376953,90.86000061035156,87.87999725341797,90.3499984741211,73305900,2022,12,8
6436,88.9000015258789,90.3000030517578,88.62999725341797,89.08999633789062,67398500,2022,12,9
6437,89.20999908447266,90.58000183105467,87.87000274658203,90.5500030517578,61999800,2022,12,12
6438,95.2300033569336,96.25,90.5199966430664,92.48999786376952,100212000,2022,12,13
6439,92.5,93.45999908447266,89.87000274658203,91.58000183105467,70298000,2022,12,14
6440,89.88999938964844,89.97000122070312,87.47000122070312,88.44999694824219,84802900,2022,12,15
6441,88.2699966430664,89.3499984741211,86.7300033569336,87.86000061035156,146144100,2022,12,16
6442,87.51000213623047,87.62999725341797,84.51000213623047,84.91999816894531,83531500,2022,12,19
6443,85.33000183105469,86.61000061035156,84.33000183105469,85.19000244140625,74348300,2022,12,20
6444,86.18000030517578,87.2300033569336,85.20999908447266,86.7699966430664,59267200,2022,12,21
6445,85.5199966430664,85.68000030517578,82.25,83.79000091552734,81431300,2022,12,22
6446,83.25,85.77999877929688,82.93000030517578,85.25,57433700,2022,12,23
6447,84.97000122070312,85.3499984741211,83.0,83.04000091552734,57284000,2022,12,27
6448,82.80000305175781,83.4800033569336,81.69000244140625,81.81999969482422,58228600,2022,12,28
6449,82.87000274658203,84.55000305175781,82.55000305175781,84.18000030517578,54995900,2022,12,29
6450,83.12000274658203,84.05000305175781,82.47000122070312,84.0,62401200,2022,12,30
6451,85.45999908447266,86.95999908447266,84.20999908447266,85.81999969482422,76706000,2023,1,3
6452,86.55000305175781,86.9800033569336,83.36000061035156,85.13999938964844,68885100,2023,1,4
6453,85.33000183105469,85.41999816894531,83.06999969482422,83.12000274658203,67930800,2023,1,5
6454,83.02999877929688,86.4000015258789,81.43000030517578,86.08000183105469,83303400,2023,1,6
6455,87.45999908447266,89.4800033569336,87.08000183105469,87.36000061035156,65266100,2023,1,9
6456,87.56999969482422,90.19000244140624,87.29000091552734,89.87000274658203,67756600,2023,1,10
6457,90.93000030517578,95.26000213623048,90.93000030517578,95.08999633789062,103126200,2023,1,11
6458,96.93000030517578,97.19000244140624,93.5,95.2699966430664,85254800,2023,1,12
6459,94.18000030517578,98.37000274658205,94.12000274658205,98.12000274658205,85549400,2023,1,13
6460,98.68000030517578,98.88999938964844,95.7300033569336,96.0500030517578,72755000,2023,1,17
6461,97.25,99.31999969482422,95.37999725341795,95.45999908447266,79570400,2023,1,18
6462,94.73999786376952,95.44000244140624,92.86000061035156,93.68000030517578,69002700,2023,1,19
6463,93.86000061035156,97.3499984741211,93.1999969482422,97.25,67481500,2023,1,20
6464,97.55999755859376,97.77999877929688,95.86000061035156,97.5199966430664,76501100,2023,1,23
6465,96.93000030517578,98.08999633789062,96.0,96.31999969482422,66929500,2023,1,24
6466,92.55999755859376,97.23999786376952,91.5199966430664,97.18000030517578,94261600,2023,1,25
6467,98.23999786376952,99.48999786376952,96.91999816894533,99.22000122070312,68523600,2023,1,26
6468,99.52999877929688,103.48999786376952,99.52999877929688,102.23999786376952,87775600,2023,1,27
6469,101.08999633789062,101.73999786376952,99.01000213623048,100.5500030517578,70691900,2023,1,30
6470,101.16000366210938,103.3499984741211,101.13999938964844,103.12999725341795,66527300,2023,1,31
6471,102.52999877929688,106.23999786376952,101.23999786376952,105.1500015258789,80450100,2023,2,1
6472,110.25,114.0,108.87999725341795,112.91000366210938,158154200,2023,2,2
6473,105.26000213623048,108.77999877929688,102.5199966430664,103.38999938964844,144374800,2023,2,3
6474,102.93000030517578,103.9499969482422,100.6500015258789,102.18000030517578,81945200,2023,2,6
6475,101.16999816894533,102.41000366210938,98.08000183105467,102.11000061035156,119501300,2023,2,7
6476,102.04000091552734,102.66999816894533,98.77999877929688,100.0500030517578,75878300,2023,2,8
6477,101.31999969482422,101.77999877929688,97.56999969482422,98.23999786376952,64622500,2023,2,9
6478,97.55999755859376,98.81999969482422,96.2300033569336,97.61000061035156,52740100,2023,2,10
6479,97.8499984741211,99.68000030517578,96.91000366210938,99.54000091552734,52841500,2023,2,13
6480,98.41000366210938,100.91999816894533,97.5199966430664,99.6999969482422,56202900,2023,2,14
6481,99.08999633789062,101.16999816894533,98.4499969482422,101.16000366210938,47957600,2023,2,15
6482,99.20999908447266,100.62999725341795,98.0999984741211,98.1500015258789,56339200,2023,2,16
6483,97.8000030517578,97.94000244140624,95.6500015258789,97.1999969482422,60029400,2023,2,17
6484,95.33999633789062,95.61000061035156,94.2699966430664,94.58000183105467,56580400,2023,2,21
6485,95.0999984741211,97.01000213623048,94.8000030517578,95.79000091552734,59534100,2023,2,22
6486,96.12000274658205,96.43000030517578,93.66999816894533,95.81999969482422,48467000,2023,2,23
6487,93.52999877929688,94.13999938964844,92.31999969482422,93.5,57053800,2023,2,24
6488,94.27999877929688,94.77999877929688,93.13999938964844,93.76000213623048,47470300,2023,2,27
6489,93.13999938964844,94.69000244140624,92.91999816894533,94.2300033569336,43959300,2023,2,28
6490,93.87000274658205,94.68000030517578,91.58999633789062,92.16999816894533,52299500,2023,3,1
6491,91.41000366210938,92.2300033569336,90.38999938964844,92.12999725341795,55509400,2023,3,2
6492,92.73999786376952,94.94000244140624,92.66000366210938,94.9000015258789,55759600,2023,3,3
6493,95.19000244140624,96.5500030517578,93.73999786376952,93.75,52112400,2023,3,6
6494,94.05999755859376,95.08999633789062,92.77999877929688,93.5500030517578,49100700,2023,3,7
6495,93.5999984741211,94.16999816894533,92.18000030517578,93.91999816894533,44899100,2023,3,8
6496,93.68000030517578,96.20999908447266,92.18000030517578,92.25,56218700,2023,3,9
6497,92.66999816894533,93.56999969482422,90.25,90.7300033569336,69827500,2023,3,10
6498,89.97000122070312,94.0199966430664,88.12000274658203,92.43000030517578,72397100,2023,3,13
6499,93.83000183105467,95.06999969482422,92.70999908447266,94.87999725341795,60912700,2023,3,14
6500,93.22000122070312,96.66999816894533,93.06999969482422,96.1999969482422,70731800,2023,3,15
6501,95.75,100.98999786376952,95.61000061035156,100.04000091552734,84446900,2023,3,16
6502,99.79000091552734,100.66000366210938,97.45999908447266,98.9499969482422,87300200,2023,3,17
6503,98.41000366210938,98.4800033569336,95.6999969482422,97.70999908447266,62388900,2023,3,20
6504,98.13999938964844,100.8499984741211,98.0,100.61000061035156,58597300,2023,3,21
6505,100.4499969482422,102.0999984741211,98.61000061035156,98.6999969482422,57475400,2023,3,22
6506,100.43000030517578,101.05999755859376,97.62000274658205,98.70999908447266,57559300,2023,3,23
6507,98.06999969482422,98.3000030517578,96.4000015258789,98.12999725341795,56095400,2023,3,24
6508,99.06999969482422,99.33999633789062,97.08000183105467,98.04000091552734,46721300,2023,3,27
6509,98.11000061035156,98.44000244140624,96.29000091552734,97.23999786376952,38720100,2023,3,28
6510,98.69000244140624,100.41999816894533,98.55999755859376,100.25,49783300,2023,3,29
6511,101.5500030517578,103.04000091552734,101.01000213623048,102.0,53633400,2023,3,30
6512,102.16000366210938,103.48999786376952,101.9499969482422,103.29000091552734,56750300,2023,3,31
6513,102.3000030517578,103.29000091552734,101.43000030517578,102.41000366210938,41135700,2023,4,3
6514,102.75,104.1999969482422,102.11000061035156,103.9499969482422,48662500,2023,4,4
6515,103.91000366210938,103.91000366210938,100.75,101.0999984741211,45175400,2023,4,5
6516,100.75,102.37999725341795,99.8000030517578,102.05999755859376,43808000,2023,4,6
6517,100.95999908447266,102.1999969482422,99.56999969482422,102.16999816894533,37261200,2023,4,10
6518,100.8000030517578,101.0,99.01000213623048,99.91999816894533,60417800,2023,4,11
6519,100.4000015258789,100.51000213623048,97.70999908447266,97.83000183105467,56735000,2023,4,12
6520,98.9499969482422,102.56999969482422,98.70999908447266,102.4000015258789,67925100,2023,4,13
6521,102.06999969482422,103.1999969482422,101.11000061035156,102.51000213623048,51450500,2023,4,14
6522,103.16000366210938,103.7300033569336,101.58999633789062,102.73999786376952,39919500,2023,4,17
6523,103.9499969482422,104.1999969482422,101.5199966430664,102.3000030517578,39790500,2023,4,18
6524,101.58000183105467,105.12000274658205,101.38999938964844,104.3000030517578,58398900,2023,4,19
6525,103.52999877929688,105.25,103.20999908447266,103.80999755859376,57696900,2023,4,20
6526,106.0999984741211,108.1500015258789,105.08000183105467,106.95999908447266,86774200,2023,4,21
6527,107.66000366210938,109.2300033569336,105.06999969482422,106.20999908447266,69575600,2023,4,24
6528,104.91000366210938,105.4499969482422,102.4499969482422,102.56999969482422,65026800,2023,4,25
6529,105.04000091552734,106.62000274658205,104.0999984741211,104.9800033569336,73803800,2023,4,26
6530,108.16000366210938,110.86000061035156,106.8000030517578,109.81999969482422,149961200,2023,4,27
6531,107.7300033569336,109.4800033569336,104.33000183105467,105.4499969482422,130715900,2023,4,28
6532,104.9499969482422,105.2300033569336,101.81999969482422,102.0500030517578,74728100,2023,5,1
6533,101.47000122070312,103.9000015258789,101.1500015258789,103.62999725341795,73469400,2023,5,2
6534,103.73999786376952,105.95999908447266,103.27999877929688,103.6500015258789,65051900,2023,5,3
6535,104.04000091552734,105.38999938964844,103.30999755859376,104.0,45345500,2023,5,4
6536,104.2699966430664,105.76000213623048,103.5500030517578,105.66000366210938,56951700,2023,5,5
6537,105.04000091552734,106.0999984741211,104.6999969482422,105.83000183105467,49430900,2023,5,8
6538,105.4800033569336,106.79000091552734,105.16000366210938,106.62000274658205,44089400,2023,5,9
6539,108.0999984741211,110.66999816894533,108.0500030517578,110.19000244140624,78627600,2023,5,10
6540,111.02999877929688,113.27999877929688,110.48999786376952,112.18000030517578,74924800,2023,5,11
6541,112.16000366210938,112.63999938964844,109.31999969482422,110.26000213623048,49852700,2023,5,12
6542,111.1500015258789,112.29000091552734,109.25,111.1999969482422,53011100,2023,5,15
6543,111.0500030517578,114.79000091552734,111.0500030517578,113.4000015258789,71472900,2023,5,16
6544,114.88999938964844,115.83000183105467,114.22000122070312,115.5,65655200,2023,5,17
6545,116.69000244140624,118.5999984741211,116.33999633789062,118.1500015258789,73174100,2023,5,18
6546,118.16000366210938,118.30999755859376,115.6999969482422,116.25,55056300,2023,5,19
6547,116.7699966430664,116.7699966430664,114.25,115.01000213623048,70741100,2023,5,22
6548,114.2699966430664,117.13999938964844,113.77999877929688,114.98999786376952,67576300,2023,5,23
6549,115.3499984741211,117.33999633789062,115.0199966430664,116.75,63487900,2023,5,24
6550,116.62999725341795,116.87000274658205,114.30999755859376,115.0,66496700,2023,5,25
6551,116.04000091552734,121.5,116.0199966430664,120.11000061035156,96779900,2023,5,26
6552,122.37000274658205,122.91999816894533,119.86000061035156,121.66000366210938,64314800,2023,5,30
6553,121.4499969482422,122.04000091552734,119.16999816894533,120.58000183105467,72800800,2023,5,31
6554,120.69000244140624,123.48999786376952,119.93000030517578,122.7699966430664,54375100,2023,6,1
6555,124.91999816894533,126.38999938964844,124.0199966430664,124.25,61264400,2023,6,2
6556,123.36000061035156,125.8000030517578,123.02999877929688,125.3000030517578,47950100,2023,6,5
6557,125.06999969482422,127.4000015258789,125.0,126.61000061035156,45695200,2023,6,6
6558,127.01000213623048,127.37000274658205,120.62999725341795,121.2300033569336,95663300,2023,6,7
6559,123.01000213623048,125.62999725341795,122.26000213623048,124.25,62159300,2023,6,8
6560,124.08000183105467,125.8000030517578,123.19000244140624,123.43000030517578,51396000,2023,6,9
6561,124.0199966430664,126.77999877929688,123.52999877929688,126.56999969482422,51338000,2023,6,12
6562,128.1199951171875,128.41000366210938,125.18000030517578,126.66000366210938,50564800,2023,6,13
6563,126.6999969482422,126.9499969482422,124.12000274658205,126.41999816894533,52422500,2023,6,14
6564,125.20999908447266,127.69000244140624,124.31999969482422,127.11000061035156,60458500,2023,6,15
6565,127.70999908447266,127.9000015258789,125.3000030517578,125.48999786376952,84247100,2023,6,16
6566,124.97000122070312,127.25,124.5,125.77999877929688,56930100,2023,6,20
6567,125.63999938964844,126.7300033569336,123.8499984741211,124.83000183105467,52137700,2023,6,21
6568,125.30999755859376,130.3300018310547,125.13999938964844,130.14999389648438,90354600,2023,6,22
6569,129.11000061035156,130.83999633789062,128.27999877929688,129.3300018310547,71927800,2023,6,23
6570,129.3300018310547,131.49000549316406,127.0999984741211,127.33000183105467,59989300,2023,6,26
6571,128.6300048828125,130.08999633789062,127.5500030517578,129.17999267578125,46801000,2023,6,27
6572,128.94000244140625,131.47999572753906,128.44000244140625,129.0399932861328,52149500,2023,6,28
6573,128.77000427246094,129.25999450683594,127.26000213623048,127.9000015258789,40761000,2023,6,29
6574,129.47000122070312,131.25,128.9499969482422,130.36000061035156,54350700,2023,6,30
6575,130.82000732421875,131.85000610351562,130.07000732421875,130.22000122070312,28264800,2023,7,3
6576,130.24000549316406,131.39999389648438,129.63999938964844,130.3800048828125,35895400,2023,7,5
6577,128.25,128.72999572753906,127.37000274658205,128.36000061035156,40639900,2023,7,6
6578,128.58999633789062,130.97000122070312,128.1300048828125,129.77999877929688,41992300,2023,7,7
6579,129.07000732421875,129.27999877929688,125.91999816894533,127.12999725341795,61889300,2023,7,10
6580,127.75,129.77000427246094,127.3499984741211,128.77999877929688,49951500,2023,7,11
6581,130.30999755859375,131.25999450683594,128.8300018310547,130.8000030517578,54022800,2023,7,12
6582,134.0399932861328,134.6699981689453,132.7100067138672,134.3000030517578,61170900,2023,7,13
6583,134.05999755859375,136.64999389648438,134.05999755859375,134.67999267578125,54487100,2023,7,14
6584,134.55999755859375,135.6199951171875,133.2100067138672,133.55999755859375,48450200,2023,7,17
6585,132.7100067138672,133.86000061035156,131.35000610351562,132.8300018310547,54882900,2023,7,18
6586,133.38999938964844,135.99000549316406,132.52999877929688,135.36000061035156,54531000,2023,7,19
6587,134.07000732421875,134.7899932861328,129.3300018310547,129.9600067138672,59820600,2023,7,20
6588,131.33999633789062,131.3699951171875,128.4199981689453,130.0,133307300,2023,7,21
6589,130.30999755859375,131.66000366210938,128.35000610351562,128.8000030517578,45591100,2023,7,24
6590,129.30999755859375,129.5800018310547,128.52999877929688,129.1300048828125,39236700,2023,7,25
6591,126.51000213623048,129.0800018310547,126.11000061035156,128.14999389648438,53910100,2023,7,26
6592,131.0,132.6300048828125,127.79000091552734,128.25,52610700,2023,7,27
6593,129.69000244140625,133.00999450683594,129.3300018310547,132.2100067138672,46317400,2023,7,28
6594,133.1999969482422,133.8699951171875,132.3800048828125,133.67999267578125,41901500,2023,7,31
6595,133.5500030517578,133.69000244140625,131.6199951171875,131.69000244140625,42098500,2023,8,1
6596,130.14999389648438,130.22999572753906,126.81999969482422,128.2100067138672,51027600,2023,8,2
6597,127.4800033569336,129.83999633789062,126.41000366210938,128.91000366210938,88585200,2023,8,3
6598,141.05999755859375,143.6300048828125,139.32000732421875,139.57000732421875,153128500,2023,8,4
6599,140.99000549316406,142.5399932861328,138.9499969482422,142.22000122070312,71213100,2023,8,7
6600,140.6199951171875,140.83999633789062,138.4199981689453,139.94000244140625,51710500,2023,8,8
6601,139.97000122070312,140.32000732421875,137.10000610351562,137.85000610351562,50017300,2023,8,9
6602,139.07000732421875,140.41000366210938,137.49000549316406,138.55999755859375,58928400,2023,8,10
6603,137.39999389648438,139.3300018310547,137.0,138.41000366210938,42905800,2023,8,11
6604,138.3000030517578,140.58999633789062,137.75,140.57000732421875,47148700,2023,8,14
6605,140.0500030517578,141.27999877929688,137.22999572753906,137.6699981689453,42781500,2023,8,15
6606,137.19000244140625,137.27000427246094,135.00999450683594,135.07000732421875,41675900,2023,8,16
6607,135.4600067138672,136.08999633789062,133.52999877929688,133.97999572753906,48354100,2023,8,17
6608,131.6199951171875,134.07000732421875,131.14999389648438,133.22000122070312,48497700,2023,8,18
6609,133.74000549316406,135.19000244140625,132.7100067138672,134.67999267578125,41442500,2023,8,21
6610,135.0800018310547,135.64999389648438,133.72999572753906,134.25,32905400,2023,8,22
6611,134.5,135.9499969482422,133.22000122070312,135.52000427246094,42801000,2023,8,23
6612,136.39999389648438,136.77999877929688,131.8300018310547,131.83999633789062,43646300,2023,8,24
6613,132.47000122070312,133.8699951171875,130.5800018310547,133.25999450683594,44147500,2023,8,25
6614,133.77999877929688,133.9499969482422,131.85000610351562,133.13999938964844,34108400,2023,8,28
6615,133.3800048828125,135.13999938964844,133.25,134.91000366210938,38646100,2023,8,29
6616,134.92999267578125,135.67999267578125,133.9199981689453,135.07000732421875,36137000,2023,8,30
6617,135.05999755859375,138.7899932861328,135.0,138.00999450683594,58781300,2023,8,31
6618,139.4600067138672,139.9600067138672,136.8800048828125,138.1199951171875,40991500,2023,9,1
6619,137.72999572753906,137.8000030517578,135.82000732421875,137.27000427246094,40636700,2023,9,5
6620,136.32000732421875,137.4499969482422,134.61000061035156,135.36000061035156,41785500,2023,9,6
6621,133.89999389648438,138.02999877929688,133.16000366210938,137.85000610351562,48498900,2023,9,7
6622,136.86000061035156,138.85000610351562,136.75,138.22999572753906,38348200,2023,9,8
6623,138.75,143.6199951171875,138.63999938964844,143.10000610351562,56764500,2023,9,11
6624,142.32000732421875,143.0,140.61000061035156,141.22999572753906,42668500,2023,9,12
6625,140.9499969482422,144.97999572753906,140.8699951171875,144.85000610351562,60465200,2023,9,13
6626,145.0800018310547,145.86000061035156,142.9499969482422,144.72000122070312,64033600,2023,9,14
6627,142.69000244140625,143.57000732421875,140.08999633789062,140.38999938964844,102909300,2023,9,15
6628,140.47999572753906,141.75,139.22000122070312,139.97999572753906,42823500,2023,9,18
6629,138.6999969482422,138.83999633789062,135.55999755859375,137.6300048828125,61482500,2023,9,19
6630,138.5500030517578,139.3699951171875,135.1999969482422,135.2899932861328,46263700,2023,9,20
6631,131.94000244140625,132.24000549316406,129.30999755859375,129.3300018310547,70343300,2023,9,21
6632,131.11000061035156,132.02999877929688,128.52000427246094,129.1199951171875,59904300,2023,9,22
6633,129.36000061035156,131.77999877929688,128.77000427246094,131.27000427246094,46017800,2023,9,25
6634,130.1199951171875,130.38999938964844,125.27999877929688,125.9800033569336,73048200,2023,9,26
6635,125.76000213623048,127.4800033569336,124.12999725341795,125.9800033569336,66553400,2023,9,27
6636,124.04000091552734,126.58000183105467,123.04000091552734,125.9800033569336,54555000,2023,9,28
6637,128.1999969482422,129.14999389648438,126.31999969482422,127.12000274658205,62411700,2023,9,29
6638,127.27999877929688,130.47000122070312,126.54000091552734,129.4600067138672,48029700,2023,10,2
6639,128.05999755859375,128.52000427246094,124.25,124.72000122070312,51565000,2023,10,3
6640,126.05999755859376,127.36000061035156,125.68000030517578,127.0,44203900,2023,10,4
6641,126.70999908447266,126.7300033569336,124.33000183105467,125.95999908447266,39660600,2023,10,5
6642,124.16000366210938,128.4499969482422,124.12999725341795,127.95999908447266,46836700,2023,10,6
6643,126.22000122070312,128.7899932861328,124.76000213623048,128.25999450683594,38773700,2023,10,9
6644,128.82000732421875,130.74000549316406,128.0500030517578,129.47999572753906,42178600,2023,10,10
6645,129.74000549316406,132.0500030517578,129.61000061035156,131.8300018310547,40741800,2023,10,11
6646,132.1699981689453,134.47999572753906,131.22999572753906,132.3300018310547,55528600,2023,10,12
6647,132.97999572753906,133.30999755859375,128.9499969482422,129.7899932861328,45786600,2023,10,13
6648,130.69000244140625,133.07000732421875,130.42999267578125,132.5500030517578,42832900,2023,10,16
6649,130.38999938964844,132.5800018310547,128.7100067138672,131.47000122070312,49344600,2023,10,17
6650,129.89999389648438,130.6699981689453,127.51000213623048,128.1300048828125,42699500,2023,10,18
6651,130.57000732421875,132.24000549316406,127.47000122070312,128.39999389648438,60961400,2023,10,19
6652,128.0500030517578,128.1699981689453,124.97000122070312,125.16999816894533,56406400,2023,10,20
6653,124.62999725341795,127.87999725341795,123.9800033569336,126.55999755859376,48260000,2023,10,23
6654,127.73999786376952,128.8000030517578,126.33999633789062,128.55999755859375,46477400,2023,10,24
6655,126.04000091552734,126.33999633789062,120.79000091552734,121.38999938964844,74577500,2023,10,25
6656,120.62999725341795,121.63999938964844,118.3499984741211,119.56999969482422,100419500,2023,10,26
6657,126.1999969482422,130.02000427246094,125.5199966430664,127.73999786376952,125309300,2023,10,27
6658,129.72000122070312,133.0,128.55999755859375,132.7100067138672,72485500,2023,10,30
6659,132.75,133.57000732421875,131.7100067138672,133.08999633789062,51589400,2023,10,31
6660,133.9600067138672,137.35000610351562,133.7100067138672,137.0,61529400,2023,11,1
6661,138.72999572753906,138.80999755859375,136.47000122070312,138.07000732421875,52236700,2023,11,2
6662,138.99000549316406,139.49000549316406,137.4499969482422,138.60000610351562,44059800,2023,11,3
6663,138.75999450683594,140.72999572753906,138.36000061035156,139.74000549316406,44970400,2023,11,6
6664,140.5500030517578,143.3699951171875,140.5,142.7100067138672,53553500,2023,11,7
6665,142.97000122070312,143.1199951171875,141.22000122070312,142.0800018310547,44521700,2023,11,8
6666,142.02000427246094,142.64999389648438,139.83999633789062,140.60000610351562,36235400,2023,11,9
6667,140.4600067138672,143.64999389648438,139.91000366210938,143.55999755859375,49287800,2023,11,10
6668,142.0800018310547,143.22999572753906,140.6699981689453,142.58999633789062,35680600,2023,11,13
6669,145.0,147.25999450683594,144.67999267578125,145.8000030517578,56674600,2023,11,14
6670,147.05999755859375,147.2899932861328,142.58999633789062,143.1999969482422,63875700,2023,11,15
6671,140.91000366210938,143.32000732421875,139.52000427246094,142.8300018310547,49653500,2023,11,16
6672,142.66000366210938,145.22999572753906,142.5399932861328,145.17999267578125,49636700,2023,11,17
6673,145.1300048828125,146.6300048828125,144.72999572753906,146.1300048828125,41951200,2023,11,20
6674,143.91000366210938,144.0500030517578,141.5,143.89999389648438,71226000,2023,11,21
6675,144.57000732421875,147.74000549316406,144.57000732421875,146.7100067138672,45669100,2023,11,22
6676,146.6999969482422,147.1999969482422,145.32000732421875,146.74000549316406,22378400,2023,11,24
6677,147.52999877929688,149.25999450683594,146.8800048828125,147.72999572753906,53762400,2023,11,27
6678,146.97999572753906,147.60000610351562,145.52999877929688,147.02999877929688,42711700,2023,11,28
6679,147.85000610351562,148.5399932861328,145.97000122070312,146.32000732421875,40610900,2023,11,29
6680,144.75999450683594,146.92999267578125,144.3300018310547,146.08999633789062,65814000,2023,11,30
6681,146.0,147.25,145.5500030517578,147.02999877929688,39951800,2023,12,1
6682,145.25,145.35000610351562,142.80999755859375,144.83999633789062,48294200,2023,12,4
6683,143.5500030517578,148.57000732421875,143.1300048828125,146.8800048828125,46822400,2023,12,5
6684,147.5800018310547,147.85000610351562,144.27999877929688,144.52000427246094,39679000,2023,12,6
6685,146.14999389648438,147.9199981689453,145.33999633789062,146.8800048828125,52352800,2023,12,7
6686,145.47999572753906,147.83999633789062,145.39999389648438,147.4199981689453,41906000,2023,12,8
6687,145.66000366210938,146.19000244140625,143.63999938964844,145.88999938964844,50907300,2023,12,11
6688,145.52000427246094,147.5,145.3000030517578,147.47999572753906,44944300,2023,12,12
6689,148.1199951171875,149.4600067138672,146.82000732421875,148.83999633789062,52766200,2023,12,13
6690,149.92999267578125,150.5399932861328,145.52000427246094,147.4199981689453,58400800,2023,12,14
6691,148.3800048828125,150.57000732421875,147.8800048828125,149.97000122070312,110089300,2023,12,15
6692,150.55999755859375,154.85000610351562,150.0500030517578,154.07000732421875,62512800,2023,12,18
6693,154.39999389648438,155.1199951171875,152.69000244140625,153.7899932861328,43171300,2023,12,19
6694,152.89999389648438,155.6300048828125,151.55999755859375,152.1199951171875,50322100,2023,12,20
6695,153.3000030517578,153.97000122070312,152.10000610351562,153.83999633789062,36305700,2023,12,21
6696,153.77000427246094,154.35000610351562,152.7100067138672,153.4199981689453,29514100,2023,12,22
6697,153.55999755859375,153.97999572753906,153.02999877929688,153.41000366210938,25067200,2023,12,26
6698,153.55999755859375,154.77999877929688,153.1199951171875,153.33999633789062,31434700,2023,12,27
6699,153.72000122070312,154.0800018310547,152.9499969482422,153.3800048828125,27057000,2023,12,28
6700,153.10000610351562,153.88999938964844,151.02999877929688,151.94000244140625,39823200,2023,12,29
6701,151.5399932861328,152.3800048828125,148.38999938964844,149.92999267578125,47339400,2024,1,2
6702,149.1999969482422,151.0500030517578,148.3300018310547,148.47000122070312,49425500,2024,1,3
6703,145.58999633789062,147.3800048828125,144.0500030517578,144.57000732421875,56039800,2024,1,4
6704,144.69000244140625,146.58999633789062,144.52999877929688,145.24000549316406,45153100,2024,1,5
6705,146.74000549316406,149.39999389648438,146.14999389648438,149.10000610351562,46757100,2024,1,8
6706,148.3300018310547,151.7100067138672,148.2100067138672,151.3699951171875,43812600,2024,1,9
6707,152.05999755859375,154.4199981689453,151.8800048828125,153.72999572753906,44421800,2024,1,10
6708,155.0399932861328,157.1699981689453,153.1199951171875,155.17999267578125,49072700,2024,1,11
6709,155.38999938964844,156.1999969482422,154.00999450683594,154.6199951171875,40484200,2024,1,12
6710,153.52999877929688,154.99000549316406,152.14999389648438,153.16000366210938,41384600,2024,1,16
6711,151.49000549316406,152.14999389648438,149.91000366210938,151.7100067138672,34953400,2024,1,17
6712,152.77000427246094,153.77999877929688,151.82000732421875,153.5,37850200,2024,1,18
6713,153.8300018310547,155.75999450683594,152.74000549316406,155.33999633789062,51651600,2024,1,19
6714,156.88999938964844,157.0500030517578,153.89999389648438,154.77999877929688,43687500,2024,1,22
6715,154.85000610351562,156.2100067138672,153.92999267578125,156.02000427246094,37986000,2024,1,23
6716,157.8000030517578,158.50999450683594,156.47999572753906,156.8699951171875,48547300,2024,1,24
6717,156.9499969482422,158.50999450683594,154.5500030517578,157.75,43638600,2024,1,25
6718,158.4199981689453,160.72000122070312,157.91000366210938,159.1199951171875,51047400,2024,1,26
6719,159.33999633789062,161.2899932861328,158.89999389648438,161.25999450683594,45270400,2024,1,29
6720,160.6999969482422,161.72999572753906,158.49000549316406,159.0,45207400,2024,1,30
6721,157.0,159.00999450683594,154.80999755859375,155.1999969482422,50284400,2024,1,31
6722,155.8699951171875,159.75999450683594,155.6199951171875,159.27999877929688,76542400,2024,2,1
6723,169.19000244140625,172.5,167.3300018310547,171.80999755859375,117218300,2024,2,2
6724,170.1999969482422,170.5500030517578,167.6999969482422,170.30999755859375,55081300,2024,2,5
6725,169.38999938964844,170.7100067138672,167.64999389648438,169.14999389648438,42505500,2024,2,6
6726,169.47999572753906,170.8800048828125,168.94000244140625,170.52999877929688,47174100,2024,2,7
6727,169.64999389648438,171.42999267578125,168.8800048828125,169.83999633789062,42316500,2024,2,8
6728,170.89999389648438,175.0,170.5800018310547,174.4499969482422,56986000,2024,2,9
6729,174.8000030517578,175.38999938964844,171.5399932861328,172.33999633789062,51050400,2024,2,12
6730,167.72999572753906,170.9499969482422,165.75,168.63999938964844,56345100,2024,2,13
6731,169.2100067138672,171.2100067138672,168.27999877929688,170.97999572753906,42815500,2024,2,14
6732,170.5800018310547,171.1699981689453,167.58999633789062,169.8000030517578,49855200,2024,2,15
6733,168.74000549316406,170.4199981689453,167.1699981689453,169.50999450683594,48107700,2024,2,16
6734,167.8300018310547,168.7100067138672,165.74000549316406,167.0800018310547,41980300,2024,2,20
6735,168.94000244140625,170.22999572753906,167.13999938964844,168.58999633789062,44420100,2024,2,21
6736,173.10000610351562,174.8000030517578,171.77000427246094,174.5800018310547,55392400,2024,2,22
6737,174.27999877929688,175.75,173.6999969482422,174.99000549316406,59715200,2024,2,23
6738,175.6999969482422,176.3699951171875,174.25999450683594,174.72999572753906,44368600,2024,2,26
6739,174.0800018310547,174.6199951171875,172.86000061035156,173.5399932861328,31141700,2024,2,27
6740,172.44000244140625,174.0500030517578,172.27000427246094,173.16000366210938,28180500,2024,2,28
6741,173.00999450683594,177.22000122070312,172.85000610351562,176.75999450683594,53805400,2024,2,29
6742,176.75,178.72999572753906,176.07000732421875,178.22000122070312,31981200,2024,3,1
6743,177.52999877929688,180.13999938964844,177.49000549316406,177.5800018310547,37381500,2024,3,4
6744,176.92999267578125,176.92999267578125,173.3000030517578,174.1199951171875,37228300,2024,3,5
6745,175.5399932861328,176.4600067138672,173.25999450683594,173.50999450683594,32090900,2024,3,6
6746,174.8300018310547,177.99000549316406,173.72000122070312,176.82000732421875,34063300,2024,3,7
6747,176.44000244140625,178.7899932861328,174.3300018310547,175.35000610351562,37893200,2024,3,8
6748,174.30999755859375,174.47000122070312,171.47000122070312,171.9600067138672,28484800,2024,3,11
6749,173.5,176.75999450683594,171.97999572753906,175.38999938964844,36610600,2024,3,12
6750,175.89999389648438,177.6199951171875,175.5500030517578,176.55999755859375,30772600,2024,3,13
6751,177.69000244140625,179.52999877929688,176.47000122070312,178.75,43705800,2024,3,14
6752,176.63999938964844,177.92999267578125,173.89999389648438,174.4199981689453,72147400,2024,3,15
6753,175.8000030517578,176.69000244140625,174.27999877929688,174.47999572753906,31250700,2024,3,18
6754,174.22000122070312,176.08999633789062,173.52000427246094,175.89999389648438,26880900,2024,3,19
6755,176.13999938964844,178.52999877929688,174.63999938964844,178.14999389648438,29947200,2024,3,20
6756,179.99000549316406,181.4199981689453,178.14999389648438,178.14999389648438,32824300,2024,3,21
6757,177.75,179.25999450683594,176.75,178.8699951171875,27995400,2024,3,22
6758,178.00999450683594,180.9900054931641,177.24000549316406,179.7100067138672,29815500,2024,3,25
6759,180.1499938964844,180.4499969482422,177.9499969482422,178.3000030517578,29659000,2024,3,26
6760,179.8800048828125,180.0,177.30999755859375,179.8300018310547,33272600,2024,3,27
6761,180.1699981689453,181.6999969482422,179.25999450683594,180.3800048828125,38051600,2024,3,28
6762,180.7899932861328,183.0,179.9499969482422,180.97000122070312,29174500,2024,4,1
6763,179.07000732421875,180.7899932861328,178.3800048828125,180.69000244140625,32611500,2024,4,2
6764,179.89999389648438,182.8699951171875,179.8000030517578,182.41000366210935,31046600,2024,4,3
6765,184.0,185.1000061035156,180.0,180.0,41624300,2024,4,4
6766,182.3800048828125,186.2700042724609,181.97000122070312,185.07000732421875,42374000,2024,4,5
6767,186.8999938964844,187.2899932861328,184.80999755859372,185.19000244140625,39221300,2024,4,8
6768,187.2400054931641,187.33999633789065,184.1999969482422,185.6699981689453,36520100,2024,4,9
6769,182.7700042724609,186.2700042724609,182.6699981689453,185.9499969482422,35879200,2024,4,10
6770,186.7400054931641,189.7700042724609,185.50999450683597,189.0500030517578,40020700,2024,4,11
6771,187.72000122070312,188.3800048828125,185.0800018310547,186.1300048828125,38608800,2024,4,12
6772,187.42999267578125,188.69000244140625,183.0,183.6199951171875,48052400,2024,4,15
6773,183.2700042724609,184.8300018310547,182.25999450683597,183.32000732421875,32891300,2024,4,16
6774,184.30999755859372,184.57000732421875,179.82000732421875,181.27999877929688,31359700,2024,4,17
6775,181.47000122070312,182.38999938964844,178.64999389648438,179.22000122070312,30723800,2024,4,18
6776,178.74000549316406,179.0,173.44000244140625,174.6300048828125,56000700,2024,4,19
6777,176.94000244140625,178.8699951171875,174.55999755859375,177.22999572753906,37924900,2024,4,22
6778,178.0800018310547,179.92999267578125,175.97999572753906,179.5399932861328,37046500,2024,4,23
6779,179.94000244140625,180.32000732421875,176.17999267578125,176.58999633789062,34185100,2024,4,24
6780,169.67999267578125,173.9199981689453,166.32000732421875,173.6699981689453,49249400,2024,4,25
6781,177.8000030517578,180.82000732421875,176.1300048828125,179.6199951171875,43919800,2024,4,26
6782,182.75,183.52999877929688,179.38999938964844,180.9600067138672,54063900,2024,4,29
6783,181.08999633789065,182.9900054931641,174.8000030517578,175.0,94639800,2024,4,30
6784,181.63999938964844,185.1499938964844,176.55999755859375,179.0,94645100,2024,5,1
6785,180.8500061035156,185.1000061035156,179.91000366210938,184.72000122070312,54303500,2024,5,2
6786,186.9900054931641,187.8699951171875,185.4199981689453,186.2100067138672,39172000,2024,5,3
6787,186.27999877929688,188.75,184.8000030517578,188.6999969482422,34725300,2024,5,6
6788,188.9199981689453,189.94000244140625,187.30999755859372,188.75999450683597,34048900,2024,5,7
6789,187.44000244140625,188.42999267578125,186.38999938964844,188.0,26136400,2024,5,8
6790,188.8800048828125,191.6999969482422,187.44000244140625,189.5,43368400,2024,5,9
6791,189.16000366210935,189.88999938964844,186.92999267578125,187.47999572753903,34141800,2024,5,10
6792,188.0,188.30999755859372,185.3600006103516,186.57000732421875,24898600,2024,5,13
6793,183.82000732421875,187.72000122070312,183.4499969482422,187.07000732421875,38698200,2024,5,14
6794,185.97000122070312,186.72000122070312,182.72999572753903,185.9900054931641,75459900,2024,5,15
6795,185.6000061035156,187.30999755859372,183.4600067138672,183.6300048828125,38834500,2024,5,16
6796,183.75999450683597,185.3000030517578,183.3500061035156,184.6999969482422,33175700,2024,5,17
6797,184.33999633789065,186.6699981689453,183.27999877929688,183.5399932861328,30511800,2024,5,20
6798,182.3000030517578,183.25999450683597,180.75,183.1499938964844,50839100,2024,5,21
6799,183.8800048828125,185.22000122070312,181.97000122070312,183.1300048828125,28148800,2024,5,22
6800,183.66000366210935,184.75999450683597,180.0800018310547,181.0500030517578,33670200,2024,5,23
6801,181.6499938964844,182.44000244140625,180.3000030517578,180.75,27471600,2024,5,24
6802,179.92999267578125,182.2400054931641,179.49000549316406,182.1499938964844,29927000,2024,5,28
6803,181.6999969482422,184.0800018310547,181.5500030517578,182.0200042724609,32009300,2024,5,29
6804,181.30999755859372,181.33999633789065,178.36000061035156,179.32000732421875,29184700,2024,5,30
6805,178.3000030517578,179.2100067138672,173.8699951171875,176.44000244140625,58903900,2024,5,31
6806,177.6999969482422,178.6999969482422,175.9199981689453,178.33999633789062,30786600,2024,6,3
6807,177.63999938964844,179.82000732421875,176.44000244140625,179.33999633789062,27198400,2024,6,4
6808,180.10000610351562,181.5,178.75,181.27999877929688,32116400,2024,6,5
6809,181.75,185.0,181.4900054931641,185.0,31371200,2024,6,6
6810,184.8999938964844,186.2899932861328,183.3600006103516,184.3000030517578,28021500,2024,6,7
6811,184.07000732421875,187.22999572753903,183.7899932861328,187.05999755859372,34445600,2024,6,10
6812,187.05999755859372,187.7700042724609,184.5399932861328,187.22999572753903,27265100,2024,6,11
6813,188.0200042724609,188.3500061035156,185.42999267578125,186.88999938964844,33984200,2024,6,12
6814,186.08999633789065,187.6699981689453,182.6699981689453,183.8300018310547,39721500,2024,6,13
6815,183.0800018310547,183.72000122070312,182.22999572753903,183.66000366210935,25456400,2024,6,14
6816,182.5200042724609,185.0,181.22000122070312,184.05999755859372,35601900,2024,6,17
6817,183.7400054931641,184.2899932861328,181.42999267578125,182.80999755859372,36659200,2024,6,18
6818,182.91000366210935,186.50999450683597,182.72000122070312,186.1000061035156,44726800,2024,6,20
6819,187.8000030517578,189.27999877929688,185.8600006103516,189.0800018310547,70792500,2024,6,21
6820,189.3300018310547,191.0,185.3300018310547,185.57000732421875,50610400,2024,6,24
6821,186.80999755859372,188.83999633789065,185.4199981689453,186.33999633789065,45366400,2024,6,25
6822,186.9199981689453,194.8000030517578,186.25999450683597,193.6100006103516,65103900,2024,6,26
6823,195.00999450683597,199.83999633789065,194.1999969482422,197.8500061035156,74397500,2024,6,27
6824,197.72999572753903,198.8500061035156,192.5,193.25,76930200,2024,6,28
6825,193.4900054931641,198.3000030517578,192.82000732421875,197.1999969482422,41192000,2024,7,1
6826,197.27999877929688,200.42999267578125,195.92999267578125,200.0,45600000,2024,7,2
6827,199.94000244140625,200.02999877929688,196.75999450683597,197.58999633789065,31597900,2024,7,3
6828,198.6499938964844,200.5500030517578,198.1699981689453,200.0,39858900,2024,7,5
6829,200.0399932861328,201.1999969482422,197.9600067138672,199.2899932861328,34767300,2024,7,8
6830,199.3999938964844,200.57000732421875,199.0500030517578,199.33999633789065,32700100,2024,7,9
6831,200.0,200.1100006103516,197.69000244140625,199.7899932861328,32883800,2024,7,10
6832,200.08999633789065,200.2700042724609,192.8600006103516,195.0500030517578,44565000,2024,7,11
6833,194.8000030517578,196.47000122070312,193.8300018310547,194.4900054931641,30598500,2024,7,12
6834,194.55999755859372,196.19000244140625,190.8300018310547,192.72000122070312,40683200,2024,7,15
6835,195.58999633789065,196.6199951171875,192.2400054931641,193.0200042724609,33994700,2024,7,16
6836,191.3500061035156,191.5800018310547,185.9900054931641,187.92999267578125,48076100,2024,7,17
6837,189.58999633789065,189.67999267578125,181.4499969482422,183.75,51043600,2024,7,18
6838,181.13999938964844,184.92999267578125,180.11000061035156,183.1300048828125,43081800,2024,7,19
6839,185.0,185.05999755859372,182.47999572753903,182.5500030517578,39931900,2024,7,22
6840,184.1000061035156,189.38999938964844,183.55999755859372,186.41000366210935,47537700,2024,7,23
6841,183.1999969482422,185.4499969482422,180.41000366210935,180.8300018310547,41532400,2024,7,24
6842,182.91000366210935,183.8999938964844,176.8000030517578,179.85000610351562,44464200,2024,7,25
6843,180.38999938964844,183.19000244140625,180.2400054931641,182.5,29506000,2024,7,26
6844,183.83999633789065,184.75,182.3800048828125,183.1999969482422,33270100,2024,7,29
6845,184.72000122070312,185.8600006103516,179.3800048828125,181.7100067138672,39508600,2024,7,30
6846,185.0500030517578,187.94000244140625,184.4600067138672,186.97999572753903,41667300,2024,7,31
6847,189.2899932861328,190.6000061035156,181.8699951171875,184.07000732421875,70435600,2024,8,1
6848,166.75,168.77000427246094,160.5500030517578,167.89999389648438,141448400,2024,8,2
6849,154.2100067138672,162.9600067138672,151.61000061035156,161.02000427246094,83149400,2024,8,5
6850,161.7100067138672,165.0800018310547,158.5399932861328,161.92999267578125,59950800,2024,8,6
6851,166.5500030517578,167.5800018310547,161.42999267578125,162.77000427246094,48408200,2024,8,7
6852,165.1699981689453,166.69000244140625,162.5500030517578,165.8000030517578,44616200,2024,8,8
6853,166.39999389648438,168.5500030517578,165.85000610351562,166.94000244140625,36401000,2024,8,9
6854,168.13999938964844,168.5500030517578,166.11000061035156,166.8000030517578,30072800,2024,8,12
6855,167.80999755859375,171.0399932861328,167.10000610351562,170.22999572753906,39237900,2024,8,13
6856,172.11000061035156,172.27999877929688,168.86000061035156,170.10000610351562,28843800,2024,8,14
6857,174.86000061035156,177.91000366210938,173.99000549316406,177.58999633789062,51698500,2024,8,15
6858,177.0399932861328,178.33999633789062,176.25999450683594,177.05999755859375,31489200,2024,8,16
6859,177.63999938964844,178.3000030517578,176.16000366210938,178.22000122070312,31129800,2024,8,19
6860,177.9199981689453,179.00999450683594,177.42999267578125,178.8800048828125,26255200,2024,8,20
6861,179.9199981689453,182.38999938964844,178.88999938964844,180.11000061035156,35599100,2024,8,21
6862,181.3800048828125,181.47000122070312,175.67999267578125,176.1300048828125,32047500,2024,8,22
6863,177.33999633789062,178.97000122070312,175.24000549316406,177.0399932861328,29150100,2024,8,23
6864,176.6999969482422,177.47000122070312,174.3000030517578,175.5,22366200,2024,8,26
6865,174.14999389648438,174.88999938964844,172.25,173.1199951171875,29842000,2024,8,27
6866,173.69000244140625,173.69000244140625,168.9199981689453,170.8000030517578,29045000,2024,8,28
6867,173.22000122070312,174.2899932861328,170.80999755859375,172.1199951171875,26407800,2024,8,29
6868,172.77999877929688,178.89999389648438,172.60000610351562,178.5,43429400,2024,8,30
6869,177.5500030517578,178.25999450683594,175.25999450683594,176.25,37817500,2024,9,3
6870,174.47999572753906,175.97999572753906,172.5399932861328,173.3300018310547,30309200,2024,9,4
6871,175.0,179.8800048828125,175.0,177.88999938964844,40170500,2024,9,5
6872,177.24000549316406,178.3800048828125,171.16000366210938,171.38999938964844,41466500,2024,9,6
6873,174.52999877929688,175.85000610351562,173.50999450683594,175.39999389648438,29037400,2024,9,9
6874,177.49000549316406,180.5,176.7899932861328,179.5500030517578,36233800,2024,9,10
6875,180.10000610351562,184.9900054931641,175.72999572753906,184.5200042724609,42564700,2024,9,11
6876,184.8000030517578,187.41000366210935,183.5399932861328,187.0,33544200,2024,9,12
6877,187.0,188.5,185.91000366210935,186.4900054931641,26495400,2024,9,13
6878,185.2899932861328,185.80999755859372,183.3600006103516,184.88999938964844,26065500,2024,9,16
6879,186.8500061035156,189.4499969482422,186.13999938964844,186.8800048828125,26091700,2024,9,17
6880,186.4499969482422,188.8000030517578,185.05999755859372,186.42999267578125,34448100,2024,9,18
6881,190.0399932861328,190.9900054931641,188.47000122070312,189.8699951171875,39543200,2024,9,19
6882,190.22999572753903,191.83999633789065,187.41000366210935,191.6000061035156,100378600,2024,9,20
6883,191.63999938964844,194.4499969482422,190.57000732421875,193.8800048828125,36993100,2024,9,23
6884,194.2700042724609,195.3699951171875,190.1300048828125,193.9600067138672,43478900,2024,9,24
6885,193.75,193.9499969482422,192.16000366210935,192.52999877929688,26391100,2024,9,25
6886,194.30999755859372,194.52999877929688,189.5399932861328,191.16000366210935,36334900,2024,9,26
6887,190.67999267578125,190.8999938964844,187.33999633789065,187.97000122070312,36002300,2024,9,27
6888,187.13999938964844,188.4900054931641,184.6499938964844,186.3300018310547,41583900,2024,9,30
6889,184.8999938964844,186.19000244140625,183.4499969482422,185.1300048828125,36044900,2024,10,1
6890,184.44000244140625,186.6000061035156,184.0399932861328,184.75999450683597,23704100,2024,10,2
6891,183.0500030517578,183.44000244140625,180.8800048828125,181.9600067138672,30204300,2024,10,3
6892,185.75,187.6000061035156,183.6000061035156,186.50999450683597,40890300,2024,10,4
6893,182.9499969482422,183.6000061035156,180.25,180.8000030517578,42364200,2024,10,7
6894,181.9199981689453,183.08999633789065,180.9199981689453,182.72000122070312,26372100,2024,10,8
6895,182.82000732421875,185.8500061035156,182.0500030517578,185.1699981689453,26343100,2024,10,9
6896,187.1300048828125,188.1300048828125,185.8300018310547,186.6499938964844,27785000,2024,10,10
6897,186.6300048828125,189.92999267578125,186.3000030517578,188.82000732421875,25751600,2024,10,11
6898,189.77999877929688,189.8300018310547,187.3600006103516,187.5399932861328,22614400,2024,10,14
6899,187.6300048828125,188.41000366210935,184.5800018310547,187.69000244140625,32178900,2024,10,15
6900,187.0500030517578,187.77999877929688,185.6100006103516,186.88999938964844,23456800,2024,10,16
6901,188.22000122070312,188.94000244140625,186.0,187.52999877929688,25039400,2024,10,17
6902,187.1499938964844,190.7400054931641,186.27999877929688,188.9900054931641,37417700,2024,10,18
6903,188.0500030517578,189.4600067138672,186.3999938964844,189.07000732421875,24639400,2024,10,21
6904,188.3500061035156,191.5200042724609,186.97999572753903,189.6999969482422,29650600,2024,10,22
6905,188.8500061035156,189.16000366210935,183.69000244140625,184.7100067138672,31937100,2024,10,23
6906,185.25,187.1100006103516,183.8600006103516,186.3800048828125,21647400,2024,10,24
6907,187.8500061035156,190.4499969482422,187.52999877929688,187.8300018310547,29362100,2024,10,25
6908,189.57000732421875,190.2100067138672,188.2100067138672,188.38999938964844,27930800,2024,10,28
6909,188.5800018310547,191.4600067138672,187.82000732421875,190.8300018310547,35690200,2024,10,29
6910,194.6999969482422,195.6100006103516,192.4199981689453,192.72999572753903,37707600,2024,10,30
6911,190.50999450683597,190.6000061035156,185.22999572753903,186.3999938964844,75146800,2024,10,31
6912,199.0,200.5,197.0200042724609,197.92999267578125,99687800,2024,11,1
6913,196.4499969482422,197.3300018310547,194.30999755859372,195.77999877929688,38492100,2024,11,4
6914,196.0399932861328,199.82000732421875,195.9900054931641,199.5,30564800,2024,11,5
6915,200.00999450683597,207.5500030517578,199.13999938964844,207.08999633789065,72292200,2024,11,6
6916,207.44000244140625,212.25,207.19000244140625,210.0500030517578,52878400,2024,11,7
6917,209.72000122070312,209.9600067138672,207.44000244140625,208.17999267578125,36075800,2024,11,8
6918,208.5,209.6499938964844,205.58999633789065,206.83999633789065,35456000,2024,11,11
6919,208.3699951171875,209.5399932861328,206.00999450683597,208.91000366210935,38942900,2024,11,12
6920,209.3999938964844,215.08999633789065,209.13999938964844,214.1000061035156,46212900,2024,11,13
6921,214.16000366210935,215.8999938964844,210.8800048828125,211.47999572753903,42620300,2024,11,14
6922,206.75999450683597,207.33999633789065,199.6100006103516,202.6100006103516,86591100,2024,11,15
6923,204.1499938964844,204.6699981689453,200.9499969482422,201.6999969482422,36409900,2024,11,18
6924,199.3300018310547,205.3000030517578,198.77999877929688,204.6100006103516,31197900,2024,11,19
6925,202.97999572753903,203.1300048828125,199.4499969482422,202.8800048828125,32769000,2024,11,20
6926,203.4900054931641,203.4900054931641,195.75,198.3800048828125,58800000,2024,11,21
6927,198.25,199.25999450683597,196.75,197.1199951171875,31530800,2024,11,22
6928,199.27999877929688,201.9499969482422,199.0,201.4499969482422,40685700,2024,11,25
6929,201.8999938964844,208.0,201.7899932861328,207.8600006103516,41673700,2024,11,26
6930,206.97999572753903,207.63999938964844,205.0500030517578,205.7400054931641,28061600,2024,11,27
6931,205.8300018310547,208.1999969482422,204.58999633789065,207.88999938964844,24892400,2024,11,29
6932,209.9600067138672,212.9900054931641,209.50999450683597,210.7100067138672,39523200,2024,12,2
6933,210.30999755859372,214.0200042724609,209.6499938964844,213.44000244140625,32214800,2024,12,3
6934,215.9600067138672,220.0,215.75,218.16000366210935,48745700,2024,12,4
6935,218.02999877929688,222.1499938964844,217.3000030517578,220.5500030517578,41140200,2024,12,5
6936,220.75,227.1499938964844,220.6000061035156,227.02999877929688,44178100,2024,12,6
6937,227.2100067138672,230.0800018310547,225.6699981689453,226.08999633789065,46819400,2024,12,9
6938,226.08999633789065,229.05999755859372,224.1999969482422,225.0399932861328,31199900,2024,12,10
6939,226.41000366210935,231.1999969482422,226.25999450683597,230.25999450683597,35385800,2024,12,11
6940,229.8300018310547,231.08999633789065,227.6300048828125,228.97000122070312,28204100,2024,12,12
6941,228.3999938964844,230.1999969482422,225.8600006103516,227.4600067138672,28768100,2024,12,13
6942,230.22999572753903,233.0,228.00999450683597,232.92999267578125,37552100,2024,12,16
6943,232.38999938964844,232.72999572753903,227.8500061035156,231.1499938964844,35948100,2024,12,17
6944,230.7700042724609,231.3999938964844,220.1100006103516,220.5200042724609,43281400,2024,12,18
6945,224.91000366210935,226.08999633789065,222.9199981689453,223.2899932861328,39918700,2024,12,19
6946,219.83999633789065,226.2100067138672,218.72999572753903,224.9199981689453,88279200,2024,12,20
6947,225.00999450683597,226.8800048828125,223.8999938964844,225.05999755859372,28070000,2024,12,23
6948,226.94000244140625,229.13999938964844,226.1300048828125,229.0500030517578,15007500,2024,12,24
6949,228.5,228.5,226.6699981689453,227.0500030517578,16146700,2024,12,26
6950,225.6000061035156,226.02999877929688,220.8999938964844,223.75,27367100,2024,12,27
6951,220.05999755859372,223.0,218.42999267578125,221.3000030517578,28321200,2024,12,30
6952,222.97000122070312,223.22999572753903,218.94000244140625,219.38999938964844,24819700,2024,12,31
6953,222.02999877929688,225.1499938964844,218.19000244140625,220.22000122070312,33956600,2025,1,2
6954,222.50999450683597,225.3600006103516,221.6199951171875,224.19000244140625,27515600,2025,1,3
6955,226.77999877929688,228.83999633789065,224.83999633789065,227.6100006103516,31849800,2025,1,6
6956,227.8999938964844,228.3800048828125,221.4600067138672,222.1100006103516,28084200,2025,1,7
6957,223.19000244140625,223.5200042724609,220.1999969482422,222.1300048828125,25033300,2025,1,8
6958,221.4600067138672,221.7100067138672,216.5,218.94000244140625,36811500,2025,1,10
6959,218.05999755859372,219.3999938964844,216.47000122070312,218.4600067138672,27262700,2025,1,13
6960,220.44000244140625,221.82000732421875,216.1999969482422,217.75999450683597,24711700,2025,1,14
6961,222.8300018310547,223.57000732421875,220.75,223.3500061035156,31291300,2025,1,15
6962,224.4199981689453,224.6499938964844,220.30999755859372,220.66000366210935,24757300,2025,1,16
6963,225.83999633789065,226.50999450683597,223.0800018310547,225.94000244140625,42370100,2025,1,17
6964,228.8999938964844,231.77999877929688,226.94000244140625,230.7100067138672,39951500,2025,1,21
6965,232.0200042724609,235.44000244140625,231.19000244140625,235.00999450683597,41448200,2025,1,22
6966,234.1000061035156,235.5200042724609,231.50999450683597,235.4199981689453,26404400,2025,1,23
6967,234.5,236.3999938964844,232.92999267578125,234.8500061035156,25890700,2025,1,24
6968,226.2100067138672,235.6100006103516,225.8600006103516,235.4199981689453,49428300,2025,1,27
6969,234.2899932861328,241.7700042724609,233.97999572753903,238.1499938964844,41587200,2025,1,28
6970,239.0200042724609,240.38999938964844,236.1499938964844,237.07000732421875,26091700,2025,1,29
6971,237.13999938964844,237.9499969482422,232.22000122070312,234.63999938964844,32020700,2025,1,30
6972,236.5,240.2899932861328,236.41000366210935,237.67999267578125,36110200,2025,1,31
6973,234.05999755859372,239.25,232.8999938964844,237.4199981689453,37285900,2025,2,3
6974,239.00999450683597,242.5200042724609,238.02999877929688,242.05999755859372,29713800,2025,2,4
6975,237.0200042724609,238.32000732421875,235.1999969482422,236.1699981689453,38727300,2025,2,5
6976,238.00999450683597,239.66000366210935,236.00999450683597,238.8300018310547,60897100,2025,2,6
6977,232.5,234.80999755859372,228.05999755859372,229.1499938964844,77539300,2025,2,7
6978,230.5500030517578,233.9199981689453,229.1999969482422,233.13999938964844,35419900,2025,2,10
6979,231.9199981689453,233.44000244140625,230.1300048828125,232.75999450683597,23713700,2025,2,11
6980,230.4600067138672,231.17999267578125,228.16000366210935,228.92999267578125,32285200,2025,2,12
6981,228.8500061035156,230.4199981689453,227.5200042724609,230.3699951171875,31346500,2025,2,13
6982,229.1999969482422,229.88999938964844,227.22999572753903,228.67999267578125,27031100,2025,2,14
6983,228.82000732421875,229.3000030517578,223.72000122070312,226.6499938964844,42975100,2025,2,18
6984,225.5200042724609,226.8300018310547,223.7100067138672,226.6300048828125,28566700,2025,2,19
6985,224.77999877929688,225.1300048828125,221.80999755859372,222.8800048828125,30001700,2025,2,20
6986,223.27999877929688,223.30999755859372,214.7400054931641,216.5800018310547,55323900,2025,2,21
6987,217.4499969482422,217.72000122070312,212.4199981689453,212.7100067138672,42387600,2025,2,24
6988,211.6300048828125,213.33999633789065,204.16000366210935,212.8000030517578,58958000,2025,2,25
6989,214.94000244140625,218.16000366210935,213.08999633789065,214.3500061035156,39120600,2025,2,26
6990,218.3500061035156,219.97000122070312,208.3699951171875,208.7400054931641,40548600,2025,2,27
6991,208.6499938964844,212.6199951171875,206.9900054931641,212.27999877929688,51771700,2025,2,28
6992,213.3500061035156,214.00999450683597,202.5500030517578,205.0200042724609,42948400,2025,3,3
6993,200.1100006103516,206.8000030517578,197.42999267578125,203.8000030517578,60853100,2025,3,4
6994,204.8000030517578,209.97999572753903,203.25999450683597,208.3600006103516,38610100,2025,3,5
6995,204.3999938964844,205.7700042724609,198.3000030517578,200.6999969482422,49863800,2025,3,6
6996,199.4900054931641,202.2700042724609,192.52999877929688,199.25,59802800,2025,3,7
6997,195.6000061035156,196.72999572753903,190.8500061035156,194.5399932861328,62350900,2025,3,10
6998,193.8999938964844,200.17999267578125,193.3999938964844,196.58999633789065,54002900,2025,3,11
6999,200.72000122070312,201.5200042724609,195.2899932861328,198.88999938964844,43679300,2025,3,12
7000,198.1699981689453,198.8800048828125,191.82000732421875,193.88999938964844,41270800,2025,3,13
7001,197.41000366210935,198.6499938964844,195.32000732421875,197.9499969482422,38096700,2025,3,14
7002,198.7700042724609,199.0,194.32000732421875,195.7400054931641,47341800,2025,3,17
7003,192.5200042724609,194.0,189.3800048828125,192.82000732421875,40414900,2025,3,18
7004,193.3800048828125,195.97000122070312,191.9600067138672,195.5399932861328,39442900,2025,3,19
7005,193.07000732421875,199.32000732421875,192.3000030517578,194.9499969482422,38921100,2025,3,20
7006,192.8999938964844,196.9900054931641,192.5200042724609,196.2100067138672,60056900,2025,3,21
7007,200.0,203.63999938964844,199.9499969482422,203.25999450683597,41625400,2025,3,24
7008,203.6000061035156,206.2100067138672,203.22000122070312,205.7100067138672,31171200,2025,3,25
7009,205.83999633789065,206.00999450683597,199.92999267578125,201.1300048828125,32855300,2025,3,26
7010,200.88999938964844,203.7899932861328,199.27999877929688,201.3600006103516,27317700,2025,3,27
7011,198.4199981689453,199.25999450683597,191.8800048828125,192.72000122070312,52548200,2025,3,28
7012,188.19000244140625,191.3300018310547,184.3999938964844,190.25999450683597,63547600,2025,3,31
7013,187.8600006103516,193.92999267578125,187.1999969482422,192.1699981689453,41267300,2025,4,1
7014,187.66000366210935,198.33999633789065,187.66000366210935,196.00999450683597,53679200,2025,4,2
7015,183.0,184.1300048828125,176.9199981689453,178.41000366210938,95553600,2025,4,3
7016,167.14999389648438,178.13999938964844,166.0,171.0,123159400,2025,4,4
7017,162.0,183.41000366210935,161.3800048828125,175.25999450683594,109327100,2025,4,7
7018,185.22999572753903,185.8999938964844,168.57000732421875,170.66000366210938,87710400,2025,4,8
7019,172.1199951171875,192.6499938964844,169.92999267578125,191.1000061035156,116804300,2025,4,9
7020,185.44000244140625,186.8699951171875,175.85000610351562,181.22000122070312,68302000,2025,4,10
7021,179.92999267578125,185.8600006103516,178.0,184.8699951171875,50594300,2025,4,11
7022,186.83999633789065,187.44000244140625,179.22999572753906,182.1199951171875,48002500,2025,4,14
7023,181.41000366210935,182.3500061035156,177.92999267578125,179.58999633789062,43642000,2025,4,15
7024,176.2899932861328,179.10000610351562,171.41000366210938,174.3300018310547,51875300,2025,4,16
7025,176.0,176.2100067138672,172.0,172.61000061035156,44726500,2025,4,17
7026,169.60000610351562,169.60000610351562,165.2899932861328,167.32000732421875,48126100,2025,4,21
7027,169.85000610351562,176.77999877929688,169.35000610351562,173.17999267578125,56607200,2025,4,22
7028,183.4499969482422,187.3800048828125,180.19000244140625,180.6000061035156,63470100,2025,4,23
7029,180.9199981689453,186.7400054931641,180.17999267578125,186.5399932861328,43763200,2025,4,24
7030,187.6199951171875,189.94000244140625,185.4900054931641,188.9900054931641,36414300,2025,4,25
7031,190.1100006103516,190.22000122070312,184.88999938964844,187.6999969482422,33224700,2025,4,28
7032,183.9900054931641,188.0200042724609,183.67999267578125,187.38999938964844,41667300,2025,4,29
7033,182.1699981689453,185.0500030517578,178.85000610351562,184.4199981689453,55176500,2025,4,30
7034,190.6300048828125,191.80999755859372,187.5,190.1999969482422,74266000,2025,5,1
7035,191.44000244140625,192.8800048828125,186.3999938964844,189.97999572753903,77903500,2025,5,2
7036,186.50999450683597,188.17999267578125,185.52999877929688,186.3500061035156,35217500,2025,5,5
7037,184.57000732421875,187.92999267578125,183.8500061035156,185.00999450683597,29314100,2025,5,6
7038,185.55999755859372,190.9900054931641,185.00999450683597,188.7100067138672,43948600,2025,5,7
7039,191.42999267578125,194.3300018310547,188.82000732421875,192.0800018310547,41043600,2025,5,8
7040,193.3800048828125,194.69000244140625,191.16000366210935,193.05999755859372,29663100,2025,5,9
7041,210.7100067138672,211.66000366210935,205.75,208.63999938964844,75205000,2025,5,12
7042,211.0800018310547,214.83999633789065,210.1000061035156,211.3699951171875,56193700,2025,5,13
7043,211.4499969482422,211.92999267578125,208.8500061035156,210.25,38492100,2025,5,14
7044,206.4499969482422,206.8800048828125,202.6699981689453,205.1699981689453,64347300,2025,5,15
7045,206.8500061035156,206.8500061035156,204.3699951171875,205.58999633789065,43318500,2025,5,16
7046,201.6499938964844,206.6199951171875,201.25999450683597,206.16000366210935,34314800,2025,5,19
7047,204.6300048828125,205.58999633789065,202.6499938964844,204.07000732421875,29470400,2025,5,20
7048,201.6100006103516,203.4600067138672,200.05999755859372,201.1199951171875,42460900,2025,5,21
7049,201.3800048828125,205.75999450683597,200.16000366210935,203.1000061035156,38938900,2025,5,22
7050,198.8999938964844,202.3699951171875,197.8500061035156,200.9900054931641,33393500,2025,5,23
7051,203.08999633789065,206.69000244140625,202.19000244140625,206.0200042724609,34892000,2025,5,27
7052,205.9199981689453,207.66000366210935,204.41000366210935,204.72000122070312,28549800,2025,5,28
7053,208.02999877929688,208.80999755859372,204.22999572753903,205.6999969482422,34650000,2025,5,29
7054,204.83999633789065,205.9900054931641,201.6999969482422,205.00999450683597,51679400,2025,5,30
7055,204.97999572753903,207.0,202.67999267578125,206.6499938964844,29113300,2025,6,2
7056,207.1100006103516,208.9499969482422,205.02999877929688,205.7100067138672,33139100,2025,6,3
7057,206.5500030517578,208.17999267578125,205.17999267578125,207.22999572753903,29915600,2025,6,4
7058,209.5500030517578,212.80999755859372,207.55999755859372,207.91000366210935,51864200,2025,6,5
7059,212.3999938964844,213.8699951171875,210.5,213.57000732421875,39832500,2025,6,6
7060,214.75,217.8500061035156,212.8800048828125,216.97999572753903,38102500,2025,6,9
7061,216.77999877929688,217.69000244140625,214.1499938964844,217.6100006103516,31303300,2025,6,10
7062,217.41000366210935,218.3999938964844,212.88999938964844,213.1999969482422,39326000,2025,6,11
7063,211.77999877929688,213.5800018310547,211.3300018310547,213.2400054931641,27640000,2025,6,12
7064,209.9600067138672,214.0500030517578,209.6199951171875,212.1000061035156,29337800,2025,6,13
7065,212.30999755859372,217.05999755859372,211.6000061035156,216.1000061035156,33284200,2025,6,16
7066,215.1999969482422,217.41000366210935,214.55999755859372,214.82000732421875,32086300,2025,6,17
7067,215.08999633789065,217.9600067138672,212.33999633789065,212.5200042724609,44360500,2025,6,18
7068,214.67999267578125,214.88999938964844,208.2700042724609,209.69000244140625,75350700,2025,6,20
7069,209.7899932861328,210.38999938964844,207.30999755859372,208.47000122070312,37311700,2025,6,23
7070,212.13999938964844,214.33999633789065,211.0500030517578,212.7700042724609,38378800,2025,6,24
7071,214.6199951171875,216.02999877929688,211.1100006103516,211.9900054931641,31755700,2025,6,25
7072,213.1199951171875,218.0399932861328,212.00999450683597,217.1199951171875,50480800,2025,6,26
7073,219.9199981689453,223.3000030517578,216.7400054931641,223.3000030517578,119217100,2025,6,27
7074,223.5200042724609,223.82000732421875,219.1199951171875,219.38999938964844,58887800,2025,6,30
7075,219.5,221.8800048828125,217.92999267578125,220.4600067138672,39256800,2025,7,1
7076,219.72999572753903,221.6000061035156,219.05999755859372,219.9199981689453,30894200,2025,7,2
7077,221.82000732421875,224.00999450683597,221.3600006103516,223.41000366210935,29632400,2025,7,3
7078,223.0,224.2899932861328,222.3699951171875,223.47000122070312,36604100,2025,7,7
7079,223.9199981689453,224.0,218.42999267578125,219.3600006103516,45692000,2025,7,8
7080,221.07000732421875,224.2899932861328,220.47000122070312,222.5399932861328,38155100,2025,7,9
7081,221.5500030517578,222.7899932861328,219.6999969482422,222.25999450683597,30370600,2025,7,10
7082,223.5800018310547,226.67999267578125,222.3699951171875,225.0200042724609,50518300,2025,7,11
7083,225.07000732421875,226.66000366210935,224.2400054931641,225.69000244140625,35702600,2025,7,14
7084,226.1999969482422,227.2700042724609,225.4600067138672,226.3500061035156,34907300,2025,7,15
7085,225.8800048828125,226.1000061035156,222.17999267578125,223.19000244140625,39535900,2025,7,16
7086,223.32000732421875,224.5,222.50999450683597,223.8800048828125,31855800,2025,7,17
7087,225.13999938964844,226.3999938964844,222.97999572753903,226.1300048828125,37833800,2025,7,18
7088,225.83999633789065,229.69000244140625,225.6499938964844,229.3000030517578,40297600,2025,7,21
7089,229.67999267578125,230.0,226.3500061035156,227.47000122070312,37483700,2025,7,22
7090,228.47000122070312,228.7899932861328,227.08999633789065,228.2899932861328,28294900,2025,7,23
7091,229.1699981689453,236.0,228.63999938964844,232.22999572753903,42902300,2025,7,24
7092,232.22000122070312,232.47999572753903,231.17999267578125,231.44000244140625,28712100,2025,7,25
7093,233.3500061035156,234.2899932861328,232.25,232.7899932861328,26300100,2025,7,28
7094,234.1499938964844,234.72000122070312,230.30999755859372,231.00999450683597,33716200,2025,7,29
7095,231.63999938964844,231.8000030517578,229.2899932861328,230.19000244140625,32993300,2025,7,30
7096,235.7700042724609,236.52999877929688,231.3999938964844,234.1100006103516,104357300,2025,7,31
7097,217.2100067138672,220.44000244140625,212.8000030517578,214.75,122258800,2025,8,1
7098,217.3999938964844,217.44000244140625,211.4199981689453,211.6499938964844,77890100,2025,8,4
7099,213.0500030517578,216.3000030517578,212.8699951171875,213.75,51505100,2025,8,5
7100,214.6999969482422,222.6499938964844,213.7400054931641,222.30999755859372,54823000,2025,8,6
7101,221.0,226.22000122070312,220.82000732421875,223.1300048828125,40603500,2025,8,7
7102,223.13999938964844,223.8000030517578,221.8800048828125,222.69000244140625,32970500,2025,8,8
7103,221.77999877929688,223.0500030517578,220.3999938964844,221.3000030517578,31646200,2025,8,11
7104,222.22999572753903,223.5,219.0500030517578,221.47000122070312,37185800,2025,8,12
7105,222.0,224.9199981689453,222.0,224.55999755859372,36508300,2025,8,13
7106,227.3999938964844,233.1100006103516,227.0200042724609,230.97999572753903,61545800,2025,8,14
7107,232.5800018310547,234.0800018310547,229.80999755859372,231.02999877929688,39649200,2025,8,15
7108,230.22999572753903,231.91000366210935,228.3300018310547,231.4900054931641,25248900,2025,8,18
7109,230.08999633789065,230.52999877929688,227.1199951171875,228.00999450683597,29891000,2025,8,19
7110,227.1199951171875,227.2700042724609,220.9199981689453,223.80999755859372,36604300,2025,8,20
7111,222.6499938964844,222.77999877929688,220.5,221.9499969482422,32140500,2025,8,21
7112,222.7899932861328,229.13999938964844,220.82000732421875,228.83999633789065,37315300,2025,8,22
7113,227.3500061035156,229.6000061035156,227.30999755859372,227.94000244140625,22633700,2025,8,25
7114,227.1100006103516,229.0,226.0200042724609,228.7100067138672,26105400,2025,8,26
7115,228.57000732421875,229.8699951171875,227.80999755859372,229.1199951171875,21254500,2025,8,27
7116,229.00999450683597,232.7100067138672,228.0200042724609,231.6000061035156,33679600,2025,8,28
7117,231.32000732421875,231.80999755859372,228.16000366210935,229.0,26199200,2025,8,29
7118,223.5200042724609,226.1699981689453,221.8300018310547,225.33999633789065,38843900,2025,9,2
7119,225.2100067138672,227.1699981689453,224.3600006103516,225.9900054931641,29223100,2025,9,3
7120,231.19000244140625,235.7700042724609,230.77999877929688,235.67999267578125,59391800,2025,9,4
7121,235.19000244140625,236.0,231.92999267578125,232.3300018310547,36721800,2025,9,5
7122,234.94000244140625,237.6000061035156,233.75,235.83999633789065,33947100,2025,9,8
7123,236.3600006103516,238.8500061035156,235.0800018310547,238.2400054931641,27033800,2025,9,9
7124,237.5200042724609,237.67999267578125,229.1000061035156,230.3300018310547,60907700,2025,9,10
7125,231.4900054931641,231.52999877929688,229.33999633789065,229.9499969482422,37485600,2025,9,11
7126,230.3500061035156,230.7899932861328,226.2899932861328,228.1499938964844,38496200,2025,9,12
7127,230.6300048828125,233.72999572753903,230.32000732421875,231.42999267578125,33243300,2025,9,15
7128,232.94000244140625,235.8999938964844,232.22999572753903,234.0500030517578,38203900,2025,9,16
7129,233.7700042724609,234.3000030517578,228.7100067138672,231.6199951171875,42815200,2025,9,17
7130,232.5,233.47999572753903,228.7899932861328,231.22999572753903,37931700,2025,9,18
7131,232.3699951171875,234.16000366210935,229.6999969482422,231.47999572753903,97943200,2025,9,19
7132,230.55999755859372,230.57000732421875,227.50999450683597,227.6300048828125,45914500,2025,9,22
7133,227.8300018310547,227.8600006103516,220.07000732421875,220.7100067138672,70956200,2025,9,23
7134,224.1499938964844,224.55999755859372,219.4499969482422,220.2100067138672,49509000,2025,9,24
7135,220.05999755859372,220.6699981689453,216.47000122070312,218.1499938964844,52226300,2025,9,25
7136,219.0800018310547,221.0500030517578,218.0200042724609,219.77999877929688,41650100,2025,9,26
7137,220.0800018310547,222.6000061035156,219.3000030517578,222.1699981689453,44259200,2025,9,29
7138,222.02999877929688,222.2400054931641,217.88999938964844,219.57000732421875,48396400,2025,9,30
7139,217.3600006103516,222.1499938964844,216.6100006103516,220.6300048828125,43933800,2025,10,1
7140,221.00999450683597,222.80999755859372,218.9499969482422,222.41000366210935,41258600,2025,10,2
7141,223.44000244140625,224.1999969482422,219.33999633789065,219.50999450683597,43639000,2025,10,3
7142,221.0,221.72999572753903,216.02999877929688,220.8999938964844,43690900,2025,10,6
7143,220.8800048828125,222.88999938964844,220.1699981689453,221.77999877929688,31194700,2025,10,7
7144,222.9199981689453,226.72999572753903,221.19000244140625,225.22000122070312,46686000,2025,10,8
7145,225.0,228.2100067138672,221.75,227.7400054931641,46412100,2025,10,9
7146,226.2100067138672,228.25,216.0,216.3699951171875,72367500,2025,10,10
7147,217.6999969482422,220.67999267578125,217.0399932861328,220.07000732421875,37809700,2025,10,13
7148,215.55999755859372,219.32000732421875,212.6000061035156,216.38999938964844,45665600,2025,10,14
7149,216.6199951171875,217.7100067138672,212.66000366210935,215.57000732421875,45909500,2025,10,15
7150,215.6699981689453,218.58999633789065,212.80999755859372,214.47000122070312,42414600,2025,10,16
7151,214.55999755859372,214.8000030517578,211.02999877929688,213.0399932861328,45986900,2025,10,17
7152,213.8800048828125,216.69000244140625,213.58999633789065,216.47999572753903,38882800,2025,10,20
7153,218.42999267578125,223.32000732421875,217.9900054931641,222.02999877929688,50494600,2025,10,21
7154,219.3000030517578,220.00999450683597,216.5200042724609,217.9499969482422,44308500,2025,10,22
7155,219.0,221.3000030517578,218.17999267578125,221.08999633789065,31540000,2025,10,23
7156,221.97000122070312,225.3999938964844,221.8999938964844,224.2100067138672,38685100,2025,10,24
7157,227.66000366210935,228.3999938964844,225.5399932861328,226.97000122070312,38267000,2025,10,27
7158,228.22000122070312,231.4900054931641,226.2100067138672,229.25,47100000,2025,10,28
7159,231.6699981689453,232.82000732421875,227.75999450683597,230.3000030517578,52036200,2025,10,29
7160,227.05999755859372,228.44000244140625,222.75,222.8600006103516,102252900,2025,10,30
7161,250.1000061035156,250.5,243.97999572753903,244.22000122070312,166340800,2025,10,31
7162,255.3600006103516,258.6000061035156,252.8999938964844,254.0,95997800,2025,11,3
7163,250.3800048828125,257.010009765625,248.66000366210935,249.32000732421875,51546300,2025,11,4
7164,249.02999877929688,251.0,246.16000366210935,250.1999969482422,40610700,2025,11,5
7165,249.16000366210935,250.3800048828125,242.1699981689453,243.0399932861328,46004200,2025,11,6
7166,242.8999938964844,244.8999938964844,238.4900054931641,244.41000366210935,46374300,2025,11,7
7167,248.33999633789065,251.75,245.58999633789065,248.3999938964844,36476500,2025,11,10
7168,248.41000366210935,249.75,247.22999572753903,249.1000061035156,23564100,2025,11,11
7169,250.2400054931641,250.3699951171875,243.75,244.1999969482422,31190100,2025,11,12
7170,243.0500030517578,243.75,236.5,237.5800018310547,41401700,2025,11,13
7171,235.05999755859372,238.72999572753903,232.88999938964844,234.69000244140625,38956700,2025,11,14
7172,233.25,234.6000061035156,229.19000244140625,232.8699951171875,59919000,2025,11,17
7173,228.1000061035156,230.1999969482422,222.4199981689453,222.5500030517578,60608400,2025,11,18
7174,223.7400054931641,223.7400054931641,218.5200042724609,222.69000244140625,58335600,2025,11,19
7175,227.0500030517578,227.41000366210935,216.7400054931641,217.13999938964844,50309000,2025,11,20
7176,216.3500061035156,222.2100067138672,215.17999267578125,220.69000244140625,68490500,2025,11,21
7177,222.55999755859372,227.3300018310547,222.2700042724609,226.27999877929688,54318400,2025,11,24
7178,226.3800048828125,230.5200042724609,223.8000030517578,229.6699981689453,39379300,2025,11,25
7179,230.7400054931641,231.75,228.7700042724609,229.16000366210935,38497900,2025,11,26
7180,231.2400054931641,233.2899932861328,230.22000122070312,233.22000122070312,20292300,2025,11,28
7181,233.22000122070312,235.8000030517578,232.25,233.8800048828125,42904000,2025,12,1
7182,235.00999450683597,238.97000122070312,233.5500030517578,234.4199981689453,45785400,2025,12,2
7183,233.3500061035156,233.3800048828125,230.6100006103516,232.3800048828125,35495100,2025,12,3
7184,232.7700042724609,233.5,226.8000030517578,229.1100006103516,45683200,2025,12,4
7185,230.32000732421875,231.2400054931641,228.5500030517578,229.52999877929688,33117400,2025,12,5
7186,229.58999633789065,230.8300018310547,226.2700042724609,226.88999938964844,35019200,2025,12,8
7187,226.83999633789065,228.57000732421875,225.1100006103516,227.9199981689453,25841700,2025,12,9
7188,228.80999755859372,232.4199981689453,228.4600067138672,231.77999877929688,38790700,2025,12,10
7189,230.7100067138672,232.1100006103516,228.69000244140625,230.27999877929688,28249600,2025,12,11
7190,229.8699951171875,230.0800018310547,225.1199951171875,226.19000244140625,35639100,2025,12,12
7191,227.92999267578125,227.92999267578125,221.5,222.5399932861328,47286100,2025,12,15
7192,223.0399932861328,223.66000366210935,221.1300048828125,222.55999755859372,39298900,2025,12,16
7193,224.66000366210935,225.19000244140625,220.9900054931641,221.2700042724609,44034400,2025,12,17
7194,225.7100067138672,229.22999572753903,224.41000366210935,226.75999450683597,50272400,2025,12,18
7195,226.75999450683597,229.1300048828125,225.5800018310547,227.3500061035156,85544400,2025,12,19
7196,228.6100006103516,229.47999572753903,226.7100067138672,228.42999267578125,32261300,2025,12,22
7197,229.05999755859372,232.4499969482422,228.72999572753903,232.13999938964844,29230200,2025,12,23
7198,232.1300048828125,232.9499969482422,231.3300018310547,232.3800048828125,11420500,2025,12,24
7199,232.0399932861328,232.9900054931641,231.17999267578125,232.5200042724609,15994700,2025,12,26
7200,231.94000244140625,232.6000061035156,230.7700042724609,232.07000732421875,19797900,2025,12,29
7201,231.2100067138672,232.7700042724609,230.1999969482422,232.52999877929688,21910500,2025,12,30
7202,232.91000366210935,232.9900054931641,230.1199951171875,230.82000732421875,24383700,2025,12,31
7203,231.33999633789065,235.4600067138672,224.6999969482422,226.5,51456200,2026,1,2
7204,228.83999633789065,234.0,227.17999267578125,233.05999755859372,49733300,2026,1,5
7205,232.1000061035156,243.17999267578125,232.07000732421875,240.92999267578125,53764700,2026,1,6
7206,239.6100006103516,245.2899932861328,239.5200042724609,241.55999755859372,42236500,2026,1,7
7207,243.05999755859372,246.41000366210935,241.8800048828125,246.2899932861328,39509800,2026,1,8
7208,244.57000732421875,247.8600006103516,242.2400054931641,247.3800048828125,34560000,2026,1,9
7209,246.72999572753903,248.94000244140625,245.9600067138672,246.47000122070312,35867800,2026,1,12
7210,246.52999877929688,247.66000366210935,240.25,242.6000061035156,38371800,2026,1,13
7211,241.1499938964844,241.27999877929688,236.22000122070312,236.6499938964844,41410600,2026,1,14
7212,239.30999755859372,240.6499938964844,236.6300048828125,238.17999267578125,43003600,2026,1,15
7213,239.08999633789065,239.57000732421875,236.41000366210935,239.1199951171875,45888300,2026,1,16
7214,233.75999450683597,235.08999633789065,229.33999633789065,231.0,47737900,2026,1,20
7215,231.08999633789065,232.3000030517578,226.8800048828125,231.30999755859372,47276100,2026,1,21
7216,234.0500030517578,235.72000122070312,230.8999938964844,234.33999633789065,31913300,2026,1,22
7217,234.9600067138672,240.4499969482422,234.57000732421875,239.16000366210935,33778500,2026,1,23
7218,239.97999572753903,240.9499969482422,237.5399932861328,238.4199981689453,32825500,2026,1,26
7219,239.69000244140625,244.8800048828125,238.0800018310547,244.67999267578125,38029200,2026,1,27
7220,246.3699951171875,247.77999877929688,241.52999877929688,243.00999450683597,40882700,2026,1,28
7221,242.82000732421875,243.0,236.7400054931641,241.72999572753903,47229600,2026,1,29
7222,239.88999938964844,243.32000732421875,237.63999938964844,239.3000030517578,46585000,2026,1,30
7223,238.30999755859372,245.6300048828125,238.1699981689453,242.9600067138672,37546100,2026,2,2
7224,244.97999572753903,246.3500061035156,235.4499969482422,238.6199951171875,53831300,2026,2,3
7225,238.8600006103516,238.8600006103516,231.82000732421875,232.9900054931641,51299900,2026,2,4
7226,224.91000366210935,226.30999755859372,220.3800048828125,222.69000244140625,103509200,2026,2,5
7227,202.6999969482422,211.44000244140625,200.30999755859372,210.32000732421875,179210900,2026,2,6
7228,208.97000122070312,212.80999755859372,203.3500061035156,208.72000122070312,91178400,2026,2,9
7229,208.8000030517578,212.6499938964844,206.41000366210935,206.9600067138672,67175000,2026,2,10
7230,208.05999755859372,208.57000732421875,202.4900054931641,204.0800018310547,65545500,2026,2,11
7231,203.9600067138672,203.9600067138672,197.55999755859372,199.6000061035156,83975400,2026,2,12
7232,198.8800048828125,201.16000366210935,197.27999877929688,198.7899932861328,66321600,2026,2,13
7233,198.1300048828125,201.7400054931641,196.0,201.1499938964844,69879200,2026,2,17
7234,202.07000732421875,206.8600006103516,201.50999450683597,204.7899932861328,51003300,2026,2,18
7235,203.8000030517578,205.63999938964844,202.80999755859372,204.8600006103516,35669600,2026,2,19
7236,204.75999450683597,211.1699981689453,203.75,210.1100006103516,65881600,2026,2,20
7237,208.1000061035156,208.42999267578125,203.1100006103516,205.2700042724609,53581500,2026,2,23
7238,205.47000122070312,210.3600006103516,203.25,208.55999755859372,41137200,2026,2,24
7239,210.4600067138672,211.58999633789065,208.92999267578125,210.63999938964844,41346400,2026,2,25
7240,210.72999572753903,211.0500030517578,205.3500061035156,207.9199981689453,47756800,2026,2,26
7241,206.8300018310547,210.3300018310547,205.1999969482422,210.0,57422800,2026,2,27
7242,204.5500030517578,209.72999572753903,203.4600067138672,208.38999938964844,46001000,2026,3,2
7243,203.1000061035156,209.17999267578125,202.47999572753903,208.72999572753903,43184900,2026,3,3
7244,210.47000122070312,217.5399932861328,210.1499938964844,216.82000732421875,54731100,2026,3,4
7245,215.97999572753903,220.47000122070312,215.58999633789065,218.94000244140625,60943400,2026,3,5
7246,214.9900054931641,217.32000732421875,212.52999877929688,213.2100067138672,51152700,2026,3,6
7247,210.4499969482422,213.82000732421875,207.1100006103516,213.4900054931641,54642900,2026,3,9
7248,214.19000244140625,215.6499938964844,212.42999267578125,214.3300018310547,35678800,2026,3,10
7249,215.7100067138672,217.0,211.3500061035156,212.6499938964844,34199300,2026,3,11
7250,210.38999938964844,211.7100067138672,208.1499938964844,209.52999877929688,44349500,2026,3,12
7251,209.6100006103516,210.55999755859372,206.22000122070312,207.6699981689453,35662100,2026,3,13
7252,208.3500061035156,212.72000122070312,207.4499969482422,211.7400054931641,42209300,2026,3,16
7253,212.82000732421875,215.6999969482422,212.42999267578125,215.1999969482422,44969900,2026,3,17
7254,213.92999267578125,215.13999938964844,208.8300018310547,209.8699951171875,37846600,2026,3,18
7255,207.05999755859372,209.1199951171875,206.0500030517578,208.75999450683597,36440600,2026,3,19
7256,207.3999938964844,207.5399932861328,204.32000732421875,205.3699951171875,63694600,2026,3,20
7257,209.7899932861328,212.8000030517578,209.50999450683597,210.13999938964844,44277400,2026,3,23
7258,207.9499969482422,209.3500061035156,206.63999938964844,207.2400054931641,35351400,2026,3,24
7259,211.55999755859372,213.07000732421875,209.8999938964844,211.7100067138672,36388800,2026,3,25
7260,210.6100006103516,212.88999938964844,207.1199951171875,207.5399932861328,46746000,2026,3,26
7261,206.4600067138672,206.6000061035156,199.13999938964844,199.33999633789065,56009800,2026,3,27
7262,201.47999572753903,203.8000030517578,199.97999572753903,200.9499969482422,46373800,2026,3,30
7263,204.8500061035156,210.27999877929688,204.13999938964844,208.2700042724609,58470100,2026,3,31
7264,210.44000244140625,213.5800018310547,208.19000244140625,210.57000732421875,45955400,2026,4,1
7265,206.5399932861328,212.2100067138672,204.8999938964844,209.7700042724609,31453000,2026,4,2
7266,209.8000030517578,212.9499969482422,209.58999633789065,212.7899932861328,25385500,2026,4,6
7267,211.2400054931641,213.97000122070312,209.0800018310547,213.7700042724609,28154600,2026,4,7
7268,223.7899932861328,226.1000061035156,219.6199951171875,221.25,51092700,2026,4,8
7269,225.22999572753903,233.8000030517578,223.2700042724609,233.6499938964844,65964200,2026,4,9
7270,235.3000030517578,240.42999267578125,235.2100067138672,238.3800048828125,56912800,2026,4,10
7271,237.4499969482422,240.0,235.75,239.88999938964844,42166200,2026,4,13
7272,241.77999877929688,252.17999267578125,241.77999877929688,249.0200042724609,72685000,2026,4,14
7273,249.25,250.44000244140625,247.1999969482422,248.5,43045200,2026,4,15
7274,248.50999450683597,250.0,244.1999969482422,249.6999969482422,41895700,2026,4,16
7275,254.9900054931641,256.17999267578125,250.1100006103516,250.55999755859372,52029300,2026,4,17
7276,249.19000244140625,250.17999267578125,245.3699951171875,248.27999877929688,39463100,2026,4,20
7277,255.08999633789065,255.08999633789065,249.1000061035156,249.91000366210935,42922400,2026,4,21
7278,252.44000244140625,255.94000244140625,250.3300018310547,255.3600006103516,36065100,2026,4,22
7279,255.38999938964844,258.7900085449219,253.07000732421875,255.0800018310547,39091400,2026,4,23
7280,259.9800109863281,264.5,257.69000244140625,263.989990234375,53777400,2026,4,24
7281,263.4599914550781,264.1499938964844,260.3399963378906,261.1199951171875,44906800,2026,4,27
7282,258.3900146484375,261.0299987792969,256.6300048828125,259.70001220703125,42204400,2026,4,28
7283,257.989990234375,265.9100036621094,257.70001220703125,263.0400085449219,72367900,2026,4,29
7284,273.1700134277344,273.8800048828125,256.1600036621094,265.0599975585937,100974900,2026,4,30
7285,265.5799865722656,273.32000732421875,262.739990234375,268.260009765625,50825200,2026,5,1
7286,268.79998779296875,276.1000061035156,268.79998779296875,272.04998779296875,49083700,2026,5,4
7287,276.0799865722656,278.5599975585937,272.3800048828125,273.54998779296875,41908500,2026,5,5
7288,272.8900146484375,277.79998779296875,272.2099914550781,274.989990234375,44552000,2026,5,6
7289,275.0199890136719,276.6300048828125,270.489990234375,271.1700134277344,35892900,2026,5,7
7290,271.6300048828125,274.0,269.95001220703125,272.67999267578125,34732700,2026,5,8
7291,269.8399963378906,273.6300048828125,268.4800109863281,268.989990234375,38176700,2026,5,11
7292,266.7099914550781,267.6499938964844,262.6300048828125,265.82000732421875,36776200,2026,5,12
7293,264.42999267578125,270.7200012207031,263.20001220703125,270.1300048828125,39670900,2026,5,13
7294,269.1499938964844,270.7799987792969,266.6300048828125,267.2200012207031,31338400,2026,5,14
7295,262.5,264.3599853515625,260.8900146484375,264.1400146484375,40770300,2026,5,15
7296,263.8699951171875,268.8500061035156,262.5299987792969,264.8599853515625,33690800,2026,5,18
7297,262.0400085449219,262.25,255.19000244140625,259.3399963378906,40340700,2026,5,19
7298,260.04998779296875,265.5799865722656,259.5299987792969,265.010009765625,34933200,2026,5,20
7299,263.5,269.489990234375,261.3699951171875,268.4599914550781,36591700,2026,5,21
7300,268.6600036621094,269.7900085449219,266.239990234375,266.32000732421875,27535500,2026,5,22
7301,267.94000244140625,269.29998779296875,262.07000732421875,265.2900085449219,38028100,2026,5,26
7302,266.1499938964844,272.4100036621094,265.70001220703125,271.8500061035156,40061900,2026,5,27
7303,272.2699890136719,274.5,267.44000244140625,274.0,40630400,2026,5,28
7304,271.2900085449219,274.75,269.6400146484375,270.6400146484375,54749600,2026,5,29
7305,266.2900085449219,266.6300048828125,260.70001220703125,261.260009765625,53604400,2026,6,1
7306,257.1600036621094,261.20001220703125,254.3699951171875,256.5199890136719,41811000,2026,6,2
7307,254.6999969482422,257.0899963378906,247.7100067138672,250.0200042724609,51394200,2026,6,3
7308,253.1199951171875,255.8300018310547,251.75,253.7899932861328,35609800,2026,6,4
7309,254.25999450683597,256.3800048828125,245.77999877929688,246.02999877929688,55607800,2026,6,5
7310,246.67999267578125,249.4199981689453,243.3600006103516,245.22000122070312,33899500,2026,6,8
7311,247.72999572753903,250.42999267578125,240.3999938964844,244.19000244140625,44425400,2026,6,9
7312,243.6100006103516,244.07000732421875,237.4499969482422,238.0,38590200,2026,6,10
7313,237.92999267578125,242.13999938964844,235.17999267578125,241.50999450683597,41335400,2026,6,11
7314,243.2100067138672,243.3600006103516,233.58999633789065,238.5500030517578,51186600,2026,6,12
7315,245.0200042724609,247.80999755859372,244.72999572753903,246.0200042724609,41711600,2026,6,15
7316,248.0,249.50999450683597,245.4499969482422,246.0,35187400,2026,6,16
7317,244.8999938964844,245.91000366210935,236.0,237.5,44780800,2026,6,17
7318,240.1199951171875,245.72999572753903,236.0200042724609,244.38999938964844,75624400,2026,6,18
7319,240.0800018310547,242.0,232.2400054931641,232.7899932861328,68388500,2026,6,22
7320,232.5500030517578,236.8699951171875,232.0,234.1100006103516,60492600,2026,6,23
7321,233.8500061035156,242.4199981689453,232.9499969482422,234.2700042724609,70282600,2026,6,24
7322,232.0200042724609,232.32000732421875,225.5500030517578,227.00999450683597,77674100,2026,6,25
7323,227.2100067138672,233.8999938964844,226.1300048828125,232.69000244140625,248372100,2026,6,26
7324,234.22000122070312,249.7100067138672,233.8000030517578,240.13999938964844,77619200,2026,6,29
7325,237.3500061035156,241.5399932861328,237.1699981689453,238.33999633789065,66228300,2026,6,30
7326,239.75,244.8999938964844,234.8999938964844,241.6999969482422,53829900,2026,7,1
7327,241.6100006103516,246.72000122070312,241.0800018310547,242.6699981689453,48246400,2026,7,2
7328,243.8000030517578,246.0399932861328,240.8800048828125,244.16000366210935,40044000,2026,7,6
7329,246.97999572753903,248.92999267578125,242.6999969482422,245.97999572753903,40579600,2026,7,7
7330,244.2700042724609,244.8000030517578,240.5200042724609,243.6199951171875,29653000,2026,7,8
7331,239.82000732421875,247.5,238.25,247.0399932861328,38091700,2026,7,9
7332,249.5500030517578,251.02999877929688,244.41000366210935,245.33999633789065,31654000,2026,7,10
7333,244.67999267578125,249.6499938964844,244.17999267578125,247.30999755859372,34636100,2026,7,13
7334,245.5500030517578,248.55999755859372,243.8000030517578,247.4900054931641,30108100,2026,7,14
7335,249.75,256.4800109863281,249.75,254.9600067138672,45240600,2026,7,15
7336,255.1199951171875,258.0799865722656,248.0,249.88999938964844,45343700,2026,7,16
7337,244.4600067138672,250.2400054931641,243.58999633789065,247.22999572753903,43572400,2026,7,17
7338,248.75999450683597,252.88999938964844,248.0,249.9900054931641,32406500,2026,7,20
7339,249.1100006103516,249.33999633789065,246.4199981689453,247.5500030517578,27732100,2026,7,21
7340,248.2700042724609,248.4499969482422,242.4499969482422,244.8500061035156,34112700,2026,7,22
7341,236.25999450683597,238.3500061035156,232.0500030517578,233.66000366210935,47465300,2026,7,23
7342,234.3800048828125,234.9499969482422,231.33999633789065,232.1100006103516,35017400,2026,7,24
7343,235.6699981689453,235.88999938964844,230.9900054931641,231.38999938964844,34999500,2026,7,27
7344,232.8500061035156,233.1100006103516,228.1000061035156,230.8600006103516,44521600,2026,7,28
7345,229.32000732421875,232.82000732421875,226.16000366210935,226.6499938964844,44957500,2026,7,29
7346,233.3500061035156,239.82000732421875,231.05999755859372,235.5,101839800,2026,7,30
7347,265.0,273.2300109863281,262.010009765625,271.5799865722656,129054800,2026,7,31
7348,278.2900085449219,287.20001220703125,278.0,284.0199890136719,90830200,2026,8,3
7349,276.0599975585937,281.07000732421875,275.82000732421875,277.4200134277344,69748100,2026,8,4
7350,281.5899963378906,282.7900085449219,270.7300109863281,272.6499938964844,45119800,2026,8,5
7351,272.7699890136719,275.4800109863281,271.0599975585937,272.260009765625,30672900,2026,8,6
7352,272.8699951171875,278.3099975585937,272.75,274.4800109863281,33861400,2026,8,7
7353,274.010009765625,280.1400146484375,273.6000061035156,278.0899963378906,35731900,2026,8,10
7354,278.69000244140625,278.8399963378906,271.3599853515625,272.2699890136719,31895700,2026,8,11
7355,273.17999267578125,273.4599914550781,267.1000061035156,267.2799987792969,29941100,2026,8,12
7356,267.239990234375,269.5799865722656,264.7099914550781,265.1300048828125,32170200,2026,8,13
7357,264.8800048828125,265.8099975585937,262.4200134277344,262.6499938964844,27251700,2026,8,14
7358,265.44000244140625,265.75,258.3399963378906,261.3099975585937,43896500,2026,8,17
7359,260.6300048828125,262.17999267578125,257.7300109863281,259.45001220703125,33171300,2026,8,18
7360,260.8500061035156,266.3999938964844,258.5799865722656,265.8399963378906,35762400,2026,8,19
7361,263.1600036621094,263.8399963378906,259.5199890136719,260.1099853515625,28374100,2026,8,20
7362,260.739990234375,261.0899963378906,257.0400085449219,258.6300048828125,35723000,2026,8,21
7363,259.6000061035156,263.32000732421875,259.04998779296875,262.07000732421875,28070500,2026,8,24
7364,262.510009765625,263.8900146484375,259.8299865722656,261.0599975585937,25550200,2026,8,25
7365,261.2799987792969,262.04998779296875,258.239990234375,260.2799987792969,21528400,2026,8,26
7366,259.2300109863281,259.6600036621094,255.0200042724609,256.260009765625,35927800,2026,8,27
7367,258.32000732421875,267.5599975585937,257.7799987792969,266.42999267578125,49547400,2026,8,28
7368,263.8299865722656,264.3599853515625,257.1199951171875,259.7699890136719,46089400,2026,8,31
7369,254.8300018310547,255.82000732421875,251.92999267578125,254.9199981689453,31700100,2026,9,1
7370,254.25999450683597,256.239990234375,253.3999938964844,254.97999572753903,24013300,2026,9,2
7371,256.20001220703125,259.5,256.0,258.8999938964844,26891500,2026,9,3
7372,259.07000732421875,261.1199951171875,255.2899932861328,258.510009765625,30749900,2026,9,4
7373,256.67999267578125,257.989990234375,254.75,256.9700012207031,29398000,2026,9,8
7374,253.1199951171875,254.69000244140625,250.6499938964844,252.3999938964844,33055500,2026,9,9
7375,250.1100006103516,253.1499938964844,249.5800018310547,251.88999938964844,25484800,2026,9,10
7376,254.08999633789065,257.5899963378906,253.13999938964844,256.7799987792969,26724100,2026,9,11
7377,253.1499938964844,255.9499969482422,250.7400054931641,253.5399932861328,34352800,2026,9,14
7378,252.2400054931641,253.2700042724609,247.22000122070312,248.4199981689453,36275400,2026,9,15
7379,248.1000061035156,249.25999450683597,244.3000030517578,245.9600067138672,33488500,2026,9,16
7380,251.07000732421875,252.72999572753903,249.2400054931641,251.19000244140625,30438800,2026,9,17
7381,252.9199981689453,255.42999267578125,251.8800048828125,253.7100067138672,52148900,2026,9,18
